GUID,requiredDVNs,optionalDVNs,DVN_FEES_ARRAY,RequiredDVN_Mapping,OptionalDVN_Mapping
0x1103397cd2bc764e294e36e5b5c01f14b7504cf5056a8d838beae4e69c44427c,[ 0x9e059a54699a285714207b43b055483e78faac25;0xd56e4eab23cb81f43168f9f45211eb027b9ac7cc ],[ 0x554833698ae0fb22ecc90b01222903fd62ca4b47;0xa0af56164f02bdf9d75287ee77c568889f11d5f2;0xc2a0c36f5939a14966705c7cec813163faeea1f0 ],[ 12970771386510;12970771386510;13270125664110;13270125664110;13270125664110 ],"[('LayerZero Labs', '12970771386510'), ('Google Cloud', '12970771386510')]","[('Canary', '12970771386510'), ('Luganodes', '12970771386510'), ('Deutsche Telekom', '13270125664110')]"
0xb6d5bbeb3690b74fd8d9565e011e35a5d50fe01ae94393cc656044ef23975c27,[ 0x9e059a54699a285714207b43b055483e78faac25;0xd56e4eab23cb81f43168f9f45211eb027b9ac7cc ],[ 0x554833698ae0fb22ecc90b01222903fd62ca4b47;0xa0af56164f02bdf9d75287ee77c568889f11d5f2;0xc2a0c36f5939a14966705c7cec813163faeea1f0 ],[ 12970771386510;12970771386510;13270125664110;13270125664110;13270125664110 ],"[('LayerZero Labs', '12970771386510'), ('Google Cloud', '12970771386510')]","[('Canary', '12970771386510'), ('Luganodes', '12970771386510'), ('Deutsche Telekom', '13270125664110')]"
0x31778b095fdd56bb76c4396ccf95de10714b03a8b821ecd7e8691ed707459ace,[ 0x9e059a54699a285714207b43b055483e78faac25;0xd56e4eab23cb81f43168f9f45211eb027b9ac7cc ],[ 0x554833698ae0fb22ecc90b01222903fd62ca4b47;0xa0af56164f02bdf9d75287ee77c568889f11d5f2;0xc2a0c36f5939a14966705c7cec813163faeea1f0 ],[ 12970771386510;12970771386510;13270125664110;13270125664110;13270125664110 ],"[('LayerZero Labs', '12970771386510'), ('Google Cloud', '12970771386510')]","[('Canary', '12970771386510'), ('Luganodes', '12970771386510'), ('Deutsche Telekom', '13270125664110')]"
0x5f86a506417c040121f4146270b1bafbda7aa929089be5daf74fc6b2c9fdb428,[ 0x554833698ae0fb22ecc90b01222903fd62ca4b47;0x5b6735c66d97479ccd18294fc96b3084ecb2fa3f;0xc2a0c36f5939a14966705c7cec813163faeea1f0 ],[ ],[ 2302356000000;2302356000000;2302356000000 ],"[('Canary', '2302356000000'), ('P2P', '2302356000000'), ('Deutsche Telekom', '2302356000000')]","[('Unknown DVN', '2302356000000')]"
0xb82c4ddae276802f541a3514897a2b18613708937396105302cbe2cad58a5a59,[ 0x9e059a54699a285714207b43b055483e78faac25;0xd56e4eab23cb81f43168f9f45211eb027b9ac7cc ],[ 0x554833698ae0fb22ecc90b01222903fd62ca4b47;0xa0af56164f02bdf9d75287ee77c568889f11d5f2;0xc2a0c36f5939a14966705c7cec813163faeea1f0 ],[ 12970771386510;12970771386510;13270125664110;13270125664110;13270125664110 ],"[('LayerZero Labs', '12970771386510'), ('Google Cloud', '12970771386510')]","[('Canary', '12970771386510'), ('Luganodes', '12970771386510'), ('Deutsche Telekom', '13270125664110')]"
0x46149b266396125dbf888c3563ef1dbc98d96845795a75e3851c0e80e59a8d6a,[ 0x554833698ae0fb22ecc90b01222903fd62ca4b47;0x5b6735c66d97479ccd18294fc96b3084ecb2fa3f;0xc2a0c36f5939a14966705c7cec813163faeea1f0 ],[ ],[ 2322912000000;2322912000000;2322912000000 ],"[('Canary', '2322912000000'), ('P2P', '2322912000000'), ('Deutsche Telekom', '2322912000000')]","[('Unknown DVN', '2322912000000')]"
0x6369a323196b401994d5c12264669fcf0139cb42217d597e688283885932411b,[ 0x554833698ae0fb22ecc90b01222903fd62ca4b47;0x5b6735c66d97479ccd18294fc96b3084ecb2fa3f;0xc2a0c36f5939a14966705c7cec813163faeea1f0 ],[ ],[ 128590392696;128590392696;128590392696 ],"[('Canary', '128590392696'), ('P2P', '128590392696'), ('Deutsche Telekom', '128590392696')]","[('Unknown DVN', '128590392696')]"
0x979bf9b8c52f1520ab8fc195640eb032a80b9188d5df26bb229885f81f2373b6,[ 0x554833698ae0fb22ecc90b01222903fd62ca4b47;0x5b6735c66d97479ccd18294fc96b3084ecb2fa3f;0xc2a0c36f5939a14966705c7cec813163faeea1f0 ],[ ],[ 109084497844;109084497844;109084497844 ],"[('Canary', '109084497844'), ('P2P', '109084497844'), ('Deutsche Telekom', '109084497844')]","[('Unknown DVN', '109084497844')]"
0xc823ade6aca9b6b591f050400bdff9a891831c325f28cab849c8ae82aeab2d23,[ 0x554833698ae0fb22ecc90b01222903fd62ca4b47;0x5b6735c66d97479ccd18294fc96b3084ecb2fa3f;0xc2a0c36f5939a14966705c7cec813163faeea1f0 ],[ ],[ 2302380000000;2302380000000;2302380000000 ],"[('Canary', '2302380000000'), ('P2P', '2302380000000'), ('Deutsche Telekom', '2302380000000')]","[('Unknown DVN', '2302380000000')]"
0xebeebb261f501d0a2093f6c6fcddb8ee5f2221060c5181fe89050a4632543dbb,[ 0x554833698ae0fb22ecc90b01222903fd62ca4b47;0x5b6735c66d97479ccd18294fc96b3084ecb2fa3f;0xc2a0c36f5939a14966705c7cec813163faeea1f0 ],[ ],[ 2302152000000;2302152000000;2302152000000 ],"[('Canary', '2302152000000'), ('P2P', '2302152000000'), ('Deutsche Telekom', '2302152000000')]","[('Unknown DVN', '2302152000000')]"
0x0436d8dedd136d35dbfc561e073b1507bc69bab589b2a314713f66d6d5fcf99f,[ 0x9e059a54699a285714207b43b055483e78faac25;0xd56e4eab23cb81f43168f9f45211eb027b9ac7cc ],[ 0x554833698ae0fb22ecc90b01222903fd62ca4b47;0xa0af56164f02bdf9d75287ee77c568889f11d5f2;0xc2a0c36f5939a14966705c7cec813163faeea1f0 ],[ 11721192073441;11721192073441;11991707132353;11991707132353;11991707132353 ],"[('LayerZero Labs', '11721192073441'), ('Google Cloud', '11721192073441')]","[('Canary', '11721192073441'), ('Luganodes', '11721192073441'), ('Deutsche Telekom', '11991707132353')]"
0x18112e27712ad4cb939d12d42a4cb1d90875627b59eadcd6e6144ec6f3157dcc,[ 0x554833698ae0fb22ecc90b01222903fd62ca4b47;0x5b6735c66d97479ccd18294fc96b3084ecb2fa3f;0xc2a0c36f5939a14966705c7cec813163faeea1f0 ],[ ],[ 2345400000000;2345400000000;2345400000000 ],"[('Canary', '2345400000000'), ('P2P', '2345400000000'), ('Deutsche Telekom', '2345400000000')]","[('Unknown DVN', '2345400000000')]"
0x3b4f2cde2b0ffa9a25c2c8d4f908d2c40f39b5303316c52c3ae102c158d45f4a,[ 0x9e059a54699a285714207b43b055483e78faac25;0xd56e4eab23cb81f43168f9f45211eb027b9ac7cc ],[ 0x554833698ae0fb22ecc90b01222903fd62ca4b47;0xa0af56164f02bdf9d75287ee77c568889f11d5f2;0xc2a0c36f5939a14966705c7cec813163faeea1f0 ],[ 6315995086539;6315995086539;6461762835435;6461762835435;6461762835435 ],"[('LayerZero Labs', '6315995086539'), ('Google Cloud', '6315995086539')]","[('Canary', '6315995086539'), ('Luganodes', '6315995086539'), ('Deutsche Telekom', '6461762835435')]"
0x9dca277de925905ef919847b38d337ab26220ebea75ab6349826514eb907e2da,[ 0x9e059a54699a285714207b43b055483e78faac25;0xd56e4eab23cb81f43168f9f45211eb027b9ac7cc ],[ 0x554833698ae0fb22ecc90b01222903fd62ca4b47;0xa0af56164f02bdf9d75287ee77c568889f11d5f2;0xc2a0c36f5939a14966705c7cec813163faeea1f0 ],[ 6315995086539;6315995086539;6461762835435;6461762835435;6461762835435 ],"[('LayerZero Labs', '6315995086539'), ('Google Cloud', '6315995086539')]","[('Canary', '6315995086539'), ('Luganodes', '6315995086539'), ('Deutsche Telekom', '6461762835435')]"
0xb74fe300b9ae8e88ea42643a46d021ddb83c82db83d3424453819ac0f682e638,[ 0x9e059a54699a285714207b43b055483e78faac25;0xcd37ca043f8479064e10635020c65ffc005d36f6;0xd56e4eab23cb81f43168f9f45211eb027b9ac7cc ],[ 0x133e9fb2d339d8428476a714b1113b024343811e;0x554833698ae0fb22ecc90b01222903fd62ca4b47;0x5b6735c66d97479ccd18294fc96b3084ecb2fa3f;0xa7b5189bca84cd304d8553977c7c614329750d99;0xb3ce0a5d132cd9bf965aba435e650c55edce0062;0xc2a0c36f5939a14966705c7cec813163faeea1f0;0xcdf31d62140204c08853b547e64707110fbc6680;0xdd7b5e1db4aafd5c8ec3b764efb8ed265aa5445b;0xeede111103535e473451311e26c3e6660b0f77e1 ],[ 19333914324446;19155430261060;19333914324446;20137092609681;19780124482910;19780124482910;19333914324446;19155430261060;19780124482910;19155430261060;19155430261060;19155430261060 ],"[('LayerZero Labs', '19333914324446'), ('Nethermind', '19155430261060'), ('Google Cloud', '19333914324446')]","[('BitGo', '19333914324446'), ('Canary', '19155430261060'), ('P2P', '19333914324446'), ('Horizen', '20137092609681'), ('BCW Group', '19780124482910'), ('Deutsche Telekom', '19780124482910'), ('Stargate', '19333914324446'), ('BWare', '19155430261060'), ('Omni X', '19780124482910')]"
0x6db3cdf1b511ee615b88edecdb57ad3046c9e5695ceec888a603f30335dc598f,[ 0x9e059a54699a285714207b43b055483e78faac25;0xcd37ca043f8479064e10635020c65ffc005d36f6;0xd56e4eab23cb81f43168f9f45211eb027b9ac7cc ],[ 0x133e9fb2d339d8428476a714b1113b024343811e;0x554833698ae0fb22ecc90b01222903fd62ca4b47;0x5b6735c66d97479ccd18294fc96b3084ecb2fa3f;0xa7b5189bca84cd304d8553977c7c614329750d99;0xb3ce0a5d132cd9bf965aba435e650c55edce0062;0xc2a0c36f5939a14966705c7cec813163faeea1f0;0xcdf31d62140204c08853b547e64707110fbc6680;0xdd7b5e1db4aafd5c8ec3b764efb8ed265aa5445b;0xeede111103535e473451311e26c3e6660b0f77e1 ],[ 16507618977267;16355226302797;16507618977267;17193386012384;16888600663443;16888600663443;16507618977267;16355226302797;16888600663443;16355226302797;16355226302797;16355226302797 ],"[('LayerZero Labs', '16507618977267'), ('Nethermind', '16355226302797'), ('Google Cloud', '16507618977267')]","[('BitGo', '16507618977267'), ('Canary', '16355226302797'), ('P2P', '16507618977267'), ('Horizen', '17193386012384'), ('BCW Group', '16888600663443'), ('Deutsche Telekom', '16888600663443'), ('Stargate', '16507618977267'), ('BWare', '16355226302797'), ('Omni X', '16888600663443')]"
0x29fbb42a52d2da2dea4d32d7dc6247948c54f3642d756c76bb729d88449a77fa,[ 0x9e059a54699a285714207b43b055483e78faac25;0xcd37ca043f8479064e10635020c65ffc005d36f6;0xd56e4eab23cb81f43168f9f45211eb027b9ac7cc ],[ 0x133e9fb2d339d8428476a714b1113b024343811e;0x554833698ae0fb22ecc90b01222903fd62ca4b47;0x5b6735c66d97479ccd18294fc96b3084ecb2fa3f;0xa7b5189bca84cd304d8553977c7c614329750d99;0xb3ce0a5d132cd9bf965aba435e650c55edce0062;0xc2a0c36f5939a14966705c7cec813163faeea1f0;0xcdf31d62140204c08853b547e64707110fbc6680;0xdd7b5e1db4aafd5c8ec3b764efb8ed265aa5445b;0xeede111103535e473451311e26c3e6660b0f77e1 ],[ 16507618977267;16355226302797;16507618977267;17193386012384;16888600663443;16888600663443;16507618977267;16355226302797;16888600663443;16355226302797;16355226302797;16355226302797 ],"[('LayerZero Labs', '16507618977267'), ('Nethermind', '16355226302797'), ('Google Cloud', '16507618977267')]","[('BitGo', '16507618977267'), ('Canary', '16355226302797'), ('P2P', '16507618977267'), ('Horizen', '17193386012384'), ('BCW Group', '16888600663443'), ('Deutsche Telekom', '16888600663443'), ('Stargate', '16507618977267'), ('BWare', '16355226302797'), ('Omni X', '16888600663443')]"
0x30669fcea545c097a782d15143b911ffa5d512eb20ded2caa99d88e24696558e,[ 0x554833698ae0fb22ecc90b01222903fd62ca4b47;0x5b6735c66d97479ccd18294fc96b3084ecb2fa3f;0xc2a0c36f5939a14966705c7cec813163faeea1f0 ],[ ],[ 2312520000000;2312520000000;2312520000000 ],"[('Canary', '2312520000000'), ('P2P', '2312520000000'), ('Deutsche Telekom', '2312520000000')]","[('Unknown DVN', '2312520000000')]"
0xff800a93b9efb229ee11631a7d92a1684b0922d71d6fa680406c9ec31f4591ee,[ 0x554833698ae0fb22ecc90b01222903fd62ca4b47;0x5b6735c66d97479ccd18294fc96b3084ecb2fa3f;0xc2a0c36f5939a14966705c7cec813163faeea1f0 ],[ ],[ 2312520000000;2312520000000;2312520000000 ],"[('Canary', '2312520000000'), ('P2P', '2312520000000'), ('Deutsche Telekom', '2312520000000')]","[('Unknown DVN', '2312520000000')]"
0x76548c9a5792d105763ffe5600382b0cbca4d2cf5f5df25371fbf7212369ade6,[ 0x554833698ae0fb22ecc90b01222903fd62ca4b47;0x5b6735c66d97479ccd18294fc96b3084ecb2fa3f;0xc2a0c36f5939a14966705c7cec813163faeea1f0 ],[ ],[ 428175772467;428175772467;428175772467 ],"[('Canary', '428175772467'), ('P2P', '428175772467'), ('Deutsche Telekom', '428175772467')]","[('Unknown DVN', '428175772467')]"
0xaecb1de27449644d9a805db0a4c0dca931adc1267057ae82014b5031e6ecc880,[ 0x554833698ae0fb22ecc90b01222903fd62ca4b47;0x5b6735c66d97479ccd18294fc96b3084ecb2fa3f;0xc2a0c36f5939a14966705c7cec813163faeea1f0 ],[ ],[ 2302152000000;2302152000000;2302152000000 ],"[('Canary', '2302152000000'), ('P2P', '2302152000000'), ('Deutsche Telekom', '2302152000000')]","[('Unknown DVN', '2302152000000')]"
0xcabf83c339ddf5cb23724ea5945e7ffa0f90a20a86a4f3042e3a92b2720fccd0,[ 0x554833698ae0fb22ecc90b01222903fd62ca4b47;0x5b6735c66d97479ccd18294fc96b3084ecb2fa3f;0xc2a0c36f5939a14966705c7cec813163faeea1f0 ],[ ],[ 2306616000000;2306616000000;2306616000000 ],"[('Canary', '2306616000000'), ('P2P', '2306616000000'), ('Deutsche Telekom', '2306616000000')]","[('Unknown DVN', '2306616000000')]"
0xe31d522404a5eb1f3d601b210e14f0a56fd1c3fa2e86ec3ca2274bb32b144d38,[ 0x554833698ae0fb22ecc90b01222903fd62ca4b47;0x5b6735c66d97479ccd18294fc96b3084ecb2fa3f;0xc2a0c36f5939a14966705c7cec813163faeea1f0 ],[ ],[ 2311824000000;2311824000000;2311824000000 ],"[('Canary', '2311824000000'), ('P2P', '2311824000000'), ('Deutsche Telekom', '2311824000000')]","[('Unknown DVN', '2311824000000')]"
0x82e64843ed1f56cbbdb992198875c191f59b5d7a03e3272898c7a37633ce7e27,[ 0x554833698ae0fb22ecc90b01222903fd62ca4b47;0x5b6735c66d97479ccd18294fc96b3084ecb2fa3f;0xc2a0c36f5939a14966705c7cec813163faeea1f0 ],[ ],[ 2345808000000;2345808000000;2345808000000 ],"[('Canary', '2345808000000'), ('P2P', '2345808000000'), ('Deutsche Telekom', '2345808000000')]","[('Unknown DVN', '2345808000000')]"
0x7b69d7058932f91649b2b5cfdeb79c9a3130cbe8531f6901d121290e683b7e84,[ 0x554833698ae0fb22ecc90b01222903fd62ca4b47;0x5b6735c66d97479ccd18294fc96b3084ecb2fa3f;0xc2a0c36f5939a14966705c7cec813163faeea1f0 ],[ ],[ 2025875942454;2025875942454;2025875942454 ],"[('Canary', '2025875942454'), ('P2P', '2025875942454'), ('Deutsche Telekom', '2025875942454')]","[('Unknown DVN', '2025875942454')]"
0x6711fdf450d2caab8aef48e828aaa68a82d8ba52e2c775b6eb714cf1836df7ee,[ 0x554833698ae0fb22ecc90b01222903fd62ca4b47;0x5b6735c66d97479ccd18294fc96b3084ecb2fa3f;0xc2a0c36f5939a14966705c7cec813163faeea1f0 ],[ ],[ 2371748940000;2371748940000;2371748940000 ],"[('Canary', '2371748940000'), ('P2P', '2371748940000'), ('Deutsche Telekom', '2371748940000')]","[('Unknown DVN', '2371748940000')]"
0x7f73c966f21c31fa87833fb15e7788bf2db61e8d12904641973f5f567357940d,[ 0x554833698ae0fb22ecc90b01222903fd62ca4b47;0x5b6735c66d97479ccd18294fc96b3084ecb2fa3f;0xc2a0c36f5939a14966705c7cec813163faeea1f0 ],[ ],[ 2301972000000;2301972000000;2301972000000 ],"[('Canary', '2301972000000'), ('P2P', '2301972000000'), ('Deutsche Telekom', '2301972000000')]","[('Unknown DVN', '2301972000000')]"
0x6e13529759593fa9e144ea1c10542584bbf92ee27a5e3ef06ce5b9047444fe51,[ 0x9e059a54699a285714207b43b055483e78faac25;0xd56e4eab23cb81f43168f9f45211eb027b9ac7cc ],[ 0x554833698ae0fb22ecc90b01222903fd62ca4b47;0xa0af56164f02bdf9d75287ee77c568889f11d5f2;0xc2a0c36f5939a14966705c7cec813163faeea1f0 ],[ 310484038659438;310484038659438;317649743946318;317649743946318;317649743946318 ],"[('LayerZero Labs', '310484038659438'), ('Google Cloud', '310484038659438')]","[('Canary', '310484038659438'), ('Luganodes', '310484038659438'), ('Deutsche Telekom', '317649743946318')]"
0x071b453da4e4ec34672acc97cc8e169570d69b657779b565de2f84f42c6dd5c5,[ 0x554833698ae0fb22ecc90b01222903fd62ca4b47;0x5b6735c66d97479ccd18294fc96b3084ecb2fa3f;0xc2a0c36f5939a14966705c7cec813163faeea1f0 ],[ ],[ 7534304048400;7534304048400;7534304048400 ],"[('Canary', '7534304048400'), ('P2P', '7534304048400'), ('Deutsche Telekom', '7534304048400')]","[('Unknown DVN', '7534304048400')]"
0x2d56e6a0085fe4c367d13a20d22170ebd67c919fe926575988cbef8957b9f700,[ 0x554833698ae0fb22ecc90b01222903fd62ca4b47;0x5b6735c66d97479ccd18294fc96b3084ecb2fa3f;0xc2a0c36f5939a14966705c7cec813163faeea1f0 ],[ ],[ 3949202304000;3949202304000;3949202304000 ],"[('Canary', '3949202304000'), ('P2P', '3949202304000'), ('Deutsche Telekom', '3949202304000')]","[('Unknown DVN', '3949202304000')]"
0x42e5ae4a94e5e0f6932b00246725db7edfa17c25365f508f89edffd9e95c4ac6,[ 0x554833698ae0fb22ecc90b01222903fd62ca4b47;0x5b6735c66d97479ccd18294fc96b3084ecb2fa3f;0xc2a0c36f5939a14966705c7cec813163faeea1f0 ],[ ],[ 6831686707200;6831686707200;6831686707200 ],"[('Canary', '6831686707200'), ('P2P', '6831686707200'), ('Deutsche Telekom', '6831686707200')]","[('Unknown DVN', '6831686707200')]"
0xfd35c078d6c46db2c4afea25ec79ee0e8782640f7d7b096b2c7d189630e878b4,[ 0x554833698ae0fb22ecc90b01222903fd62ca4b47;0x5b6735c66d97479ccd18294fc96b3084ecb2fa3f;0xc2a0c36f5939a14966705c7cec813163faeea1f0 ],[ ],[ 10923569604000;10923569604000;10923569604000 ],"[('Canary', '10923569604000'), ('P2P', '10923569604000'), ('Deutsche Telekom', '10923569604000')]","[('Unknown DVN', '10923569604000')]"
0x3ed66124358148ac95647b5584949642afd142776c87d5f9305a5896b7adc315,[ 0x554833698ae0fb22ecc90b01222903fd62ca4b47;0x5b6735c66d97479ccd18294fc96b3084ecb2fa3f;0xc2a0c36f5939a14966705c7cec813163faeea1f0 ],[ ],[ 12505507608000;12505507608000;12505507608000 ],"[('Canary', '12505507608000'), ('P2P', '12505507608000'), ('Deutsche Telekom', '12505507608000')]","[('Unknown DVN', '12505507608000')]"
0xdc9ee8dfe871962319fa0c7dfd2b216d1e3606b274209c7918c18451e9adf3f3,[ 0x9e059a54699a285714207b43b055483e78faac25;0xcd37ca043f8479064e10635020c65ffc005d36f6;0xd56e4eab23cb81f43168f9f45211eb027b9ac7cc ],[ 0x133e9fb2d339d8428476a714b1113b024343811e;0x554833698ae0fb22ecc90b01222903fd62ca4b47;0x5b6735c66d97479ccd18294fc96b3084ecb2fa3f;0xa7b5189bca84cd304d8553977c7c614329750d99;0xb3ce0a5d132cd9bf965aba435e650c55edce0062;0xc2a0c36f5939a14966705c7cec813163faeea1f0;0xcdf31d62140204c08853b547e64707110fbc6680;0xdd7b5e1db4aafd5c8ec3b764efb8ed265aa5445b;0xeede111103535e473451311e26c3e6660b0f77e1 ],[ 11506823123342;11400596080372;11506823123342;11984844816705;11772390730766;11772390730766;11506823123342;11400596080372;11772390730766;11400596080372;11400596080372;11400596080372 ],"[('LayerZero Labs', '11506823123342'), ('Nethermind', '11400596080372'), ('Google Cloud', '11506823123342')]","[('BitGo', '11506823123342'), ('Canary', '11400596080372'), ('P2P', '11506823123342'), ('Horizen', '11984844816705'), ('BCW Group', '11772390730766'), ('Deutsche Telekom', '11772390730766'), ('Stargate', '11506823123342'), ('BWare', '11400596080372'), ('Omni X', '11772390730766')]"
0x5ec56d3469cbe2c24abd1a06d7c1c671b895f925abce0d0e2727abd788089c7b,[ 0x554833698ae0fb22ecc90b01222903fd62ca4b47;0x5b6735c66d97479ccd18294fc96b3084ecb2fa3f;0xc2a0c36f5939a14966705c7cec813163faeea1f0 ],[ ],[ 2361096000000;2361096000000;2361096000000 ],"[('Canary', '2361096000000'), ('P2P', '2361096000000'), ('Deutsche Telekom', '2361096000000')]","[('Unknown DVN', '2361096000000')]"
0x08e35346731fdef2843421a95d49a25715925922d8d6059ff4b710a473cb4fb0,[ 0x554833698ae0fb22ecc90b01222903fd62ca4b47;0x5b6735c66d97479ccd18294fc96b3084ecb2fa3f;0xc2a0c36f5939a14966705c7cec813163faeea1f0 ],[ ],[ 2361096000000;2361096000000;2361096000000 ],"[('Canary', '2361096000000'), ('P2P', '2361096000000'), ('Deutsche Telekom', '2361096000000')]","[('Unknown DVN', '2361096000000')]"
0x78bf113c9ff28d4306a17b22a770137d5ddf5de6ff98ad7f6a8e713aec8e9d67,[ 0x9e059a54699a285714207b43b055483e78faac25;0xd56e4eab23cb81f43168f9f45211eb027b9ac7cc ],[ 0x554833698ae0fb22ecc90b01222903fd62ca4b47;0xa0af56164f02bdf9d75287ee77c568889f11d5f2;0xc2a0c36f5939a14966705c7cec813163faeea1f0 ],[ 11506823123342;11506823123342;11772390730766;11772390730766;11772390730766 ],"[('LayerZero Labs', '11506823123342'), ('Google Cloud', '11506823123342')]","[('Canary', '11506823123342'), ('Luganodes', '11506823123342'), ('Deutsche Telekom', '11772390730766')]"
0x093ce567652b0a5f403a1c684d345b014e58a73709802a93583df933f3e7dbbc,[ 0x554833698ae0fb22ecc90b01222903fd62ca4b47;0x5b6735c66d97479ccd18294fc96b3084ecb2fa3f;0xc2a0c36f5939a14966705c7cec813163faeea1f0 ],[ ],[ 2322744000000;2322744000000;2322744000000 ],"[('Canary', '2322744000000'), ('P2P', '2322744000000'), ('Deutsche Telekom', '2322744000000')]","[('Unknown DVN', '2322744000000')]"
0x194440699e158ef6cf3c377644048a7033e6c7c5da74a18bc2acc4eead07732f,[ 0x554833698ae0fb22ecc90b01222903fd62ca4b47;0x5b6735c66d97479ccd18294fc96b3084ecb2fa3f;0xc2a0c36f5939a14966705c7cec813163faeea1f0 ],[ ],[ 2322744000000;2322744000000;2322744000000 ],"[('Canary', '2322744000000'), ('P2P', '2322744000000'), ('Deutsche Telekom', '2322744000000')]","[('Unknown DVN', '2322744000000')]"
0x65f5ca900087354415140562f3c381d9868830ce1f4d080b5d2e255b371c2ec8,[ 0x554833698ae0fb22ecc90b01222903fd62ca4b47;0x5b6735c66d97479ccd18294fc96b3084ecb2fa3f;0xc2a0c36f5939a14966705c7cec813163faeea1f0 ],[ ],[ 2322744000000;2322744000000;2322744000000 ],"[('Canary', '2322744000000'), ('P2P', '2322744000000'), ('Deutsche Telekom', '2322744000000')]","[('Unknown DVN', '2322744000000')]"
0x90f819b9a0d64a6e314b4a951591989ee66349afbba2cce4fef1b30a613bcf28,[ 0x554833698ae0fb22ecc90b01222903fd62ca4b47;0x5b6735c66d97479ccd18294fc96b3084ecb2fa3f;0xc2a0c36f5939a14966705c7cec813163faeea1f0 ],[ ],[ 2306940000000;2306940000000;2306940000000 ],"[('Canary', '2306940000000'), ('P2P', '2306940000000'), ('Deutsche Telekom', '2306940000000')]","[('Unknown DVN', '2306940000000')]"
0xae2b7931d0724466fe4baf785f4be34e968bd443dcff0d8cdf241e254361df24,[ 0x554833698ae0fb22ecc90b01222903fd62ca4b47;0x5b6735c66d97479ccd18294fc96b3084ecb2fa3f;0xc2a0c36f5939a14966705c7cec813163faeea1f0 ],[ ],[ 2300760000000;2300760000000;2300760000000 ],"[('Canary', '2300760000000'), ('P2P', '2300760000000'), ('Deutsche Telekom', '2300760000000')]","[('Unknown DVN', '2300760000000')]"
0xe92781bb0240c7d808beba9ca522c8e330c9820b357e693c273690e7729333f0,[ 0x9e059a54699a285714207b43b055483e78faac25;0xcd37ca043f8479064e10635020c65ffc005d36f6;0xd56e4eab23cb81f43168f9f45211eb027b9ac7cc ],[ 0x133e9fb2d339d8428476a714b1113b024343811e;0x554833698ae0fb22ecc90b01222903fd62ca4b47;0x5b6735c66d97479ccd18294fc96b3084ecb2fa3f;0xa7b5189bca84cd304d8553977c7c614329750d99;0xb3ce0a5d132cd9bf965aba435e650c55edce0062;0xc2a0c36f5939a14966705c7cec813163faeea1f0;0xcdf31d62140204c08853b547e64707110fbc6680;0xdd7b5e1db4aafd5c8ec3b764efb8ed265aa5445b;0xeede111103535e473451311e26c3e6660b0f77e1 ],[ 106708976876854;105723876215235;106708976876854;111141929854141;109171728530902;109171728530902;106708976876854;105723876215235;109171728530902;105723876215235;105723876215235;105723876215235 ],"[('LayerZero Labs', '106708976876854'), ('Nethermind', '105723876215235'), ('Google Cloud', '106708976876854')]","[('BitGo', '106708976876854'), ('Canary', '105723876215235'), ('P2P', '106708976876854'), ('Horizen', '111141929854141'), ('BCW Group', '109171728530902'), ('Deutsche Telekom', '109171728530902'), ('Stargate', '106708976876854'), ('BWare', '105723876215235'), ('Omni X', '109171728530902')]"
0xfdbcde3803eff02e7d0a162d13e2eee3646368754b460921dda9a6510554e4bd,[ 0x554833698ae0fb22ecc90b01222903fd62ca4b47;0x5b6735c66d97479ccd18294fc96b3084ecb2fa3f;0xc2a0c36f5939a14966705c7cec813163faeea1f0 ],[ ],[ 2374348800000;2374348800000;2374348800000 ],"[('Canary', '2374348800000'), ('P2P', '2374348800000'), ('Deutsche Telekom', '2374348800000')]","[('Unknown DVN', '2374348800000')]"
0x1cb2da5030c312d17fa2fbc6e1c2bdcb0de5b13c2b1df7e0a280ded874a5e703,[ 0x554833698ae0fb22ecc90b01222903fd62ca4b47;0x5b6735c66d97479ccd18294fc96b3084ecb2fa3f;0xc2a0c36f5939a14966705c7cec813163faeea1f0 ],[ ],[ 4572715014000;4572715014000;4572715014000 ],"[('Canary', '4572715014000'), ('P2P', '4572715014000'), ('Deutsche Telekom', '4572715014000')]","[('Unknown DVN', '4572715014000')]"
0x2832033bb13adf8cf7ac762dc014b846807a04e8d7265c4f1e810ccc2a169f5d,[ 0x9e059a54699a285714207b43b055483e78faac25;0xcd37ca043f8479064e10635020c65ffc005d36f6;0xd56e4eab23cb81f43168f9f45211eb027b9ac7cc ],[ 0x133e9fb2d339d8428476a714b1113b024343811e;0x554833698ae0fb22ecc90b01222903fd62ca4b47;0x5b6735c66d97479ccd18294fc96b3084ecb2fa3f;0xa7b5189bca84cd304d8553977c7c614329750d99;0xb3ce0a5d132cd9bf965aba435e650c55edce0062;0xc2a0c36f5939a14966705c7cec813163faeea1f0;0xcdf31d62140204c08853b547e64707110fbc6680;0xdd7b5e1db4aafd5c8ec3b764efb8ed265aa5445b;0xeede111103535e473451311e26c3e6660b0f77e1 ],[ 39657565341231;39291460304905;39657565341231;41305038004700;40572827932047;40572827932047;39657565341231;39291460304905;40572827932047;39291460304905;39291460304905;39291460304905 ],"[('LayerZero Labs', '39657565341231'), ('Nethermind', '39291460304905'), ('Google Cloud', '39657565341231')]","[('BitGo', '39657565341231'), ('Canary', '39291460304905'), ('P2P', '39657565341231'), ('Horizen', '41305038004700'), ('BCW Group', '40572827932047'), ('Deutsche Telekom', '40572827932047'), ('Stargate', '39657565341231'), ('BWare', '39291460304905'), ('Omni X', '40572827932047')]"
0xee674ea24587e6864e1e4bfc2ce49f809d55d2d51ffe437056ae301a793bf3d6,[ 0x554833698ae0fb22ecc90b01222903fd62ca4b47;0x5b6735c66d97479ccd18294fc96b3084ecb2fa3f;0xc2a0c36f5939a14966705c7cec813163faeea1f0 ],[ ],[ 2941259126400;2941259126400;2941259126400 ],"[('Canary', '2941259126400'), ('P2P', '2941259126400'), ('Deutsche Telekom', '2941259126400')]","[('Unknown DVN', '2941259126400')]"
0xfd2639ba19e1e4ffd5fe3de6148e445e9f71d531328b0a9ee15481d05506b960,[ 0x9e059a54699a285714207b43b055483e78faac25;0xcd37ca043f8479064e10635020c65ffc005d36f6;0xd56e4eab23cb81f43168f9f45211eb027b9ac7cc ],[ 0x133e9fb2d339d8428476a714b1113b024343811e;0x554833698ae0fb22ecc90b01222903fd62ca4b47;0x5b6735c66d97479ccd18294fc96b3084ecb2fa3f;0xa7b5189bca84cd304d8553977c7c614329750d99;0xb3ce0a5d132cd9bf965aba435e650c55edce0062;0xc2a0c36f5939a14966705c7cec813163faeea1f0;0xcdf31d62140204c08853b547e64707110fbc6680;0xdd7b5e1db4aafd5c8ec3b764efb8ed265aa5445b;0xeede111103535e473451311e26c3e6660b0f77e1 ],[ 131146929308892;129936225855324;131146929308892;136595094849948;134173687942812;134173687942812;131146929308892;129936225855324;134173687942812;129936225855324;129936225855324;129936225855324 ],"[('LayerZero Labs', '131146929308892'), ('Nethermind', '129936225855324'), ('Google Cloud', '131146929308892')]","[('BitGo', '131146929308892'), ('Canary', '129936225855324'), ('P2P', '131146929308892'), ('Horizen', '136595094849948'), ('BCW Group', '134173687942812'), ('Deutsche Telekom', '134173687942812'), ('Stargate', '131146929308892'), ('BWare', '129936225855324'), ('Omni X', '134173687942812')]"
0x623981ab19e2ef295f3baad9dfee2e055541053ffa19c6e6b75548e0568294c8,[ 0x9e059a54699a285714207b43b055483e78faac25;0xd56e4eab23cb81f43168f9f45211eb027b9ac7cc ],[ 0x554833698ae0fb22ecc90b01222903fd62ca4b47;0xa0af56164f02bdf9d75287ee77c568889f11d5f2;0xc2a0c36f5939a14966705c7cec813163faeea1f0 ],[ 33328096619798;33328096619798;34097280501782;34097280501782;34097280501782 ],"[('LayerZero Labs', '33328096619798'), ('Google Cloud', '33328096619798')]","[('Canary', '33328096619798'), ('Luganodes', '33328096619798'), ('Deutsche Telekom', '34097280501782')]"
0xa2e01c02ee9e407ae538bee2596a67519cb0159b8d6daf943c72f02ceb693626,[ 0x554833698ae0fb22ecc90b01222903fd62ca4b47;0x5b6735c66d97479ccd18294fc96b3084ecb2fa3f;0xc2a0c36f5939a14966705c7cec813163faeea1f0 ],[ ],[ 3270530790000;3270530790000;3270530790000 ],"[('Canary', '3270530790000'), ('P2P', '3270530790000'), ('Deutsche Telekom', '3270530790000')]","[('Unknown DVN', '3270530790000')]"
0xca3661f9b810cda5f3cedb4d0ed7cd92f6abb350035fc6d3d250079fad0b89b7,[ 0x554833698ae0fb22ecc90b01222903fd62ca4b47;0x5b6735c66d97479ccd18294fc96b3084ecb2fa3f;0xc2a0c36f5939a14966705c7cec813163faeea1f0 ],[ ],[ 3270530790000;3270530790000;3270530790000 ],"[('Canary', '3270530790000'), ('P2P', '3270530790000'), ('Deutsche Telekom', '3270530790000')]","[('Unknown DVN', '3270530790000')]"
0xdeab6932fd90943770da03ceabad3ce044721302101aa8d2b6f49d44c01eca52,[ 0x554833698ae0fb22ecc90b01222903fd62ca4b47;0x5b6735c66d97479ccd18294fc96b3084ecb2fa3f;0xc2a0c36f5939a14966705c7cec813163faeea1f0 ],[ ],[ 2339535748608;2339535748608;2339535748608 ],"[('Canary', '2339535748608'), ('P2P', '2339535748608'), ('Deutsche Telekom', '2339535748608')]","[('Unknown DVN', '2339535748608')]"
0x4bcc3ddd3a08f061349a3817f99db8d5f142caefa64e3194f7c743c0ebcbf853,[ 0x554833698ae0fb22ecc90b01222903fd62ca4b47;0x5b6735c66d97479ccd18294fc96b3084ecb2fa3f;0xc2a0c36f5939a14966705c7cec813163faeea1f0 ],[ ],[ 2371988934000;2371988934000;2371988934000 ],"[('Canary', '2371988934000'), ('P2P', '2371988934000'), ('Deutsche Telekom', '2371988934000')]","[('Unknown DVN', '2371988934000')]"
0x3ce7d05f6b1b389ab7da701602931fd93fbf5f8d68927f94a321c6defb50149e,[ 0x554833698ae0fb22ecc90b01222903fd62ca4b47;0x5b6735c66d97479ccd18294fc96b3084ecb2fa3f;0xc2a0c36f5939a14966705c7cec813163faeea1f0 ],[ ],[ 2371988934000;2371988934000;2371988934000 ],"[('Canary', '2371988934000'), ('P2P', '2371988934000'), ('Deutsche Telekom', '2371988934000')]","[('Unknown DVN', '2371988934000')]"
0x164930a9115662c3310a7766e25240279fabd64d4958d55a50f8ebc3a27941c8,[ 0x554833698ae0fb22ecc90b01222903fd62ca4b47;0x5b6735c66d97479ccd18294fc96b3084ecb2fa3f;0xc2a0c36f5939a14966705c7cec813163faeea1f0 ],[ ],[ 4732724797200;4732724797200;4732724797200 ],"[('Canary', '4732724797200'), ('P2P', '4732724797200'), ('Deutsche Telekom', '4732724797200')]","[('Unknown DVN', '4732724797200')]"
0x7a0d97473b573e60be194b39290008044a06d54b65a46bf641c40fe2f9fdb47e,[ 0x554833698ae0fb22ecc90b01222903fd62ca4b47;0x5b6735c66d97479ccd18294fc96b3084ecb2fa3f;0xc2a0c36f5939a14966705c7cec813163faeea1f0 ],[ ],[ 3941345484000;3941345484000;3941345484000 ],"[('Canary', '3941345484000'), ('P2P', '3941345484000'), ('Deutsche Telekom', '3941345484000')]","[('Unknown DVN', '3941345484000')]"
0xafa04e776c5694b2dc0c912bb815e1f07bf0985df0ae365e9336ea53baa1fbe3,[ 0x9e059a54699a285714207b43b055483e78faac25;0xd56e4eab23cb81f43168f9f45211eb027b9ac7cc ],[ 0x554833698ae0fb22ecc90b01222903fd62ca4b47;0xa0af56164f02bdf9d75287ee77c568889f11d5f2;0xc2a0c36f5939a14966705c7cec813163faeea1f0 ],[ 127245636167865;127245636167865;130182356302521;130182356302521;130182356302521 ],"[('LayerZero Labs', '127245636167865'), ('Google Cloud', '127245636167865')]","[('Canary', '127245636167865'), ('Luganodes', '127245636167865'), ('Deutsche Telekom', '130182356302521')]"
0xbc8008e9258cc54b462a2b48c330fb1d8145b44846d93d9a2348067b2755f493,[ 0x9e059a54699a285714207b43b055483e78faac25;0xd56e4eab23cb81f43168f9f45211eb027b9ac7cc ],[ 0x554833698ae0fb22ecc90b01222903fd62ca4b47;0xa0af56164f02bdf9d75287ee77c568889f11d5f2;0xc2a0c36f5939a14966705c7cec813163faeea1f0 ],[ 127245636167865;127245636167865;130182356302521;130182356302521;130182356302521 ],"[('LayerZero Labs', '127245636167865'), ('Google Cloud', '127245636167865')]","[('Canary', '127245636167865'), ('Luganodes', '127245636167865'), ('Deutsche Telekom', '130182356302521')]"
0x204f258cc6dbf47324c3324e42a68ed5c61760f733fad2917fcab1750bebf200,[ 0x9e059a54699a285714207b43b055483e78faac25;0xd56e4eab23cb81f43168f9f45211eb027b9ac7cc ],[ 0x554833698ae0fb22ecc90b01222903fd62ca4b47;0xa0af56164f02bdf9d75287ee77c568889f11d5f2;0xc2a0c36f5939a14966705c7cec813163faeea1f0 ],[ 127245636167865;127245636167865;130182356302521;130182356302521;130182356302521 ],"[('LayerZero Labs', '127245636167865'), ('Google Cloud', '127245636167865')]","[('Canary', '127245636167865'), ('Luganodes', '127245636167865'), ('Deutsche Telekom', '130182356302521')]"
0x68876c93f98fa69bed85599524ab61d71dcf482903c94da5e4b8997f16c82d0f,[ 0x554833698ae0fb22ecc90b01222903fd62ca4b47;0x5b6735c66d97479ccd18294fc96b3084ecb2fa3f;0xc2a0c36f5939a14966705c7cec813163faeea1f0 ],[ ],[ 7230828780000;7230828780000;7230828780000 ],"[('Canary', '7230828780000'), ('P2P', '7230828780000'), ('Deutsche Telekom', '7230828780000')]","[('Unknown DVN', '7230828780000')]"
0x5ddbd1d236f718561c91468d83e6e3a759c449e159dd31508e4565ca88beb101,[ 0x554833698ae0fb22ecc90b01222903fd62ca4b47;0x5b6735c66d97479ccd18294fc96b3084ecb2fa3f;0xc2a0c36f5939a14966705c7cec813163faeea1f0 ],[ ],[ 10473766986000;10473766986000;10473766986000 ],"[('Canary', '10473766986000'), ('P2P', '10473766986000'), ('Deutsche Telekom', '10473766986000')]","[('Unknown DVN', '10473766986000')]"
0x2724be8913420651f09b669e32222a02a3ca2518c64eaf148c229a2f2363c3f8,[ 0x9e059a54699a285714207b43b055483e78faac25;0xd56e4eab23cb81f43168f9f45211eb027b9ac7cc ],[ 0x554833698ae0fb22ecc90b01222903fd62ca4b47;0xa0af56164f02bdf9d75287ee77c568889f11d5f2;0xc2a0c36f5939a14966705c7cec813163faeea1f0 ],[ 127245636167865;127245636167865;130182356302521;130182356302521;130182356302521 ],"[('LayerZero Labs', '127245636167865'), ('Google Cloud', '127245636167865')]","[('Canary', '127245636167865'), ('Luganodes', '127245636167865'), ('Deutsche Telekom', '130182356302521')]"
0x1cf4cc97e1d359d8772250e515f41aeebbbce697860e3eb745d01f39de7fa2c1,[ 0x9e059a54699a285714207b43b055483e78faac25;0xd56e4eab23cb81f43168f9f45211eb027b9ac7cc ],[ 0x554833698ae0fb22ecc90b01222903fd62ca4b47;0xa0af56164f02bdf9d75287ee77c568889f11d5f2;0xc2a0c36f5939a14966705c7cec813163faeea1f0 ],[ 234970500534957;234970500534957;240393418135533;240393418135533;240393418135533 ],"[('LayerZero Labs', '234970500534957'), ('Google Cloud', '234970500534957')]","[('Canary', '234970500534957'), ('Luganodes', '234970500534957'), ('Deutsche Telekom', '240393418135533')]"
0x73a0b430920a7ece6c8f0a5922f838ca657053a8f32534d93c63331c66aef6b2,[ 0x9e059a54699a285714207b43b055483e78faac25;0xd56e4eab23cb81f43168f9f45211eb027b9ac7cc ],[ 0x554833698ae0fb22ecc90b01222903fd62ca4b47;0xa0af56164f02bdf9d75287ee77c568889f11d5f2;0xc2a0c36f5939a14966705c7cec813163faeea1f0 ],[ 53996256843832;53996256843832;55242444135160;55242444135160;55242444135160 ],"[('LayerZero Labs', '53996256843832'), ('Google Cloud', '53996256843832')]","[('Canary', '53996256843832'), ('Luganodes', '53996256843832'), ('Deutsche Telekom', '55242444135160')]"
0x34c73c3c287fe7c5861468ee6741f06735c47735d2844c64d639c75f98a7f4f8,[ 0x9e059a54699a285714207b43b055483e78faac25;0xd56e4eab23cb81f43168f9f45211eb027b9ac7cc ],[ 0x554833698ae0fb22ecc90b01222903fd62ca4b47;0xa0af56164f02bdf9d75287ee77c568889f11d5f2;0xc2a0c36f5939a14966705c7cec813163faeea1f0 ],[ 14246119596282;14246119596282;14574907816602;14574907816602;14574907816602 ],"[('LayerZero Labs', '14246119596282'), ('Google Cloud', '14246119596282')]","[('Canary', '14246119596282'), ('Luganodes', '14246119596282'), ('Deutsche Telekom', '14574907816602')]"
0xf353ace68c05ac49b64d693d135c25b675419fdf569163a00e53102981afbc99,[ 0x9e059a54699a285714207b43b055483e78faac25;0xd56e4eab23cb81f43168f9f45211eb027b9ac7cc ],[ 0x554833698ae0fb22ecc90b01222903fd62ca4b47;0xa0af56164f02bdf9d75287ee77c568889f11d5f2;0xc2a0c36f5939a14966705c7cec813163faeea1f0 ],[ 14246119596282;14246119596282;14574907816602;14574907816602;14574907816602 ],"[('LayerZero Labs', '14246119596282'), ('Google Cloud', '14246119596282')]","[('Canary', '14246119596282'), ('Luganodes', '14246119596282'), ('Deutsche Telekom', '14574907816602')]"
0xf5db336a557a7464918d92ea049b910adba831d43a868f0c7d5f0038a941d202,[ 0x9e059a54699a285714207b43b055483e78faac25;0xd56e4eab23cb81f43168f9f45211eb027b9ac7cc ],[ 0x554833698ae0fb22ecc90b01222903fd62ca4b47;0xa0af56164f02bdf9d75287ee77c568889f11d5f2;0xc2a0c36f5939a14966705c7cec813163faeea1f0 ],[ 14246119596282;14246119596282;14574907816602;14574907816602;14574907816602 ],"[('LayerZero Labs', '14246119596282'), ('Google Cloud', '14246119596282')]","[('Canary', '14246119596282'), ('Luganodes', '14246119596282'), ('Deutsche Telekom', '14574907816602')]"
0x63dde1c567c02df6ece26326e32c51fde160f11ef9d0ed8663764cad344404e2,[ 0x9e059a54699a285714207b43b055483e78faac25;0xd56e4eab23cb81f43168f9f45211eb027b9ac7cc ],[ 0x554833698ae0fb22ecc90b01222903fd62ca4b47;0xa0af56164f02bdf9d75287ee77c568889f11d5f2;0xc2a0c36f5939a14966705c7cec813163faeea1f0 ],[ 43458117192252;43458117192252;44461093259772;44461093259772;44461093259772 ],"[('LayerZero Labs', '43458117192252'), ('Google Cloud', '43458117192252')]","[('Canary', '43458117192252'), ('Luganodes', '43458117192252'), ('Deutsche Telekom', '44461093259772')]"
0x66984f49343b361c759fba0dd3232b61300dfe65b0257c467a0525debca91d3f,[ 0x554833698ae0fb22ecc90b01222903fd62ca4b47;0x5b6735c66d97479ccd18294fc96b3084ecb2fa3f;0xc2a0c36f5939a14966705c7cec813163faeea1f0 ],[ ],[ 111415229455;111415229455;111415229455 ],"[('Canary', '111415229455'), ('P2P', '111415229455'), ('Deutsche Telekom', '111415229455')]","[('Unknown DVN', '111415229455')]"
0x562700e77b08eb4288dd2ec733dbd970d298dfc6d143b13c525ea6251e406190,[ 0x554833698ae0fb22ecc90b01222903fd62ca4b47;0x5b6735c66d97479ccd18294fc96b3084ecb2fa3f;0xc2a0c36f5939a14966705c7cec813163faeea1f0 ],[ ],[ 17551362268800;17551362268800;17551362268800 ],"[('Canary', '17551362268800'), ('P2P', '17551362268800'), ('Deutsche Telekom', '17551362268800')]","[('Unknown DVN', '17551362268800')]"
0x19d453f2e2e712be4e1bd050d44f1c13faf4ecfd98dc40a936f0fc1261fa7015,[ 0x9e059a54699a285714207b43b055483e78faac25;0xd56e4eab23cb81f43168f9f45211eb027b9ac7cc ],[ 0x554833698ae0fb22ecc90b01222903fd62ca4b47;0xa0af56164f02bdf9d75287ee77c568889f11d5f2;0xc2a0c36f5939a14966705c7cec813163faeea1f0 ],[ 9619345037072;9619345037072;9841351269296;9841351269296;9841351269296 ],"[('LayerZero Labs', '9619345037072'), ('Google Cloud', '9619345037072')]","[('Canary', '9619345037072'), ('Luganodes', '9619345037072'), ('Deutsche Telekom', '9841351269296')]"
0x92f7d54be016f85efccdcfffa225d4b5a939ad820351eb4a98f9ebf2ff396b3c,[ 0x9e059a54699a285714207b43b055483e78faac25;0xd56e4eab23cb81f43168f9f45211eb027b9ac7cc ],[ 0x554833698ae0fb22ecc90b01222903fd62ca4b47;0xa0af56164f02bdf9d75287ee77c568889f11d5f2;0xc2a0c36f5939a14966705c7cec813163faeea1f0 ],[ 9619345037072;9619345037072;9841351269296;9841351269296;9841351269296 ],"[('LayerZero Labs', '9619345037072'), ('Google Cloud', '9619345037072')]","[('Canary', '9619345037072'), ('Luganodes', '9619345037072'), ('Deutsche Telekom', '9841351269296')]"
0xd67572e719177bdd5e9c9873d15f48e29da832f773478001031ab6a6806aa66e,[ 0x9e059a54699a285714207b43b055483e78faac25;0xd56e4eab23cb81f43168f9f45211eb027b9ac7cc ],[ 0x554833698ae0fb22ecc90b01222903fd62ca4b47;0xa0af56164f02bdf9d75287ee77c568889f11d5f2;0xc2a0c36f5939a14966705c7cec813163faeea1f0 ],[ 9619345037072;9619345037072;9841351269296;9841351269296;9841351269296 ],"[('LayerZero Labs', '9619345037072'), ('Google Cloud', '9619345037072')]","[('Canary', '9619345037072'), ('Luganodes', '9619345037072'), ('Deutsche Telekom', '9841351269296')]"
0x517ebfd56b1d516aa784db3f12322fb1f71e68579abed54377272ac8a11cf986,[ 0x9e059a54699a285714207b43b055483e78faac25;0xd56e4eab23cb81f43168f9f45211eb027b9ac7cc ],[ 0x554833698ae0fb22ecc90b01222903fd62ca4b47;0xa0af56164f02bdf9d75287ee77c568889f11d5f2;0xc2a0c36f5939a14966705c7cec813163faeea1f0 ],[ 9619345037072;9619345037072;9841351269296;9841351269296;9841351269296 ],"[('LayerZero Labs', '9619345037072'), ('Google Cloud', '9619345037072')]","[('Canary', '9619345037072'), ('Luganodes', '9619345037072'), ('Deutsche Telekom', '9841351269296')]"
0x534c3712afbc5140b3b569fb3c34ca476678cbad5d9cf0468e44a0ac3a8bdc7f,[ 0x9e059a54699a285714207b43b055483e78faac25;0xcd37ca043f8479064e10635020c65ffc005d36f6;0xd56e4eab23cb81f43168f9f45211eb027b9ac7cc ],[ 0x133e9fb2d339d8428476a714b1113b024343811e;0x554833698ae0fb22ecc90b01222903fd62ca4b47;0x5b6735c66d97479ccd18294fc96b3084ecb2fa3f;0xa7b5189bca84cd304d8553977c7c614329750d99;0xb3ce0a5d132cd9bf965aba435e650c55edce0062;0xc2a0c36f5939a14966705c7cec813163faeea1f0;0xcdf31d62140204c08853b547e64707110fbc6680;0xdd7b5e1db4aafd5c8ec3b764efb8ed265aa5445b;0xeede111103535e473451311e26c3e6660b0f77e1 ],[ 9619345037072;9530542544182;9619345037072;10018956255075;9841351269296;9841351269296;9619345037072;9530542544182;9841351269296;9530542544182;9530542544182;9530542544182 ],"[('LayerZero Labs', '9619345037072'), ('Nethermind', '9530542544182'), ('Google Cloud', '9619345037072')]","[('BitGo', '9619345037072'), ('Canary', '9530542544182'), ('P2P', '9619345037072'), ('Horizen', '10018956255075'), ('BCW Group', '9841351269296'), ('Deutsche Telekom', '9841351269296'), ('Stargate', '9619345037072'), ('BWare', '9530542544182'), ('Omni X', '9841351269296')]"
0x03f9079064b73cfd1796108199ff36ef520451e479fd1b81312e7490dbea7d24,[ 0x9e059a54699a285714207b43b055483e78faac25;0xd56e4eab23cb81f43168f9f45211eb027b9ac7cc ],[ 0x554833698ae0fb22ecc90b01222903fd62ca4b47;0xa0af56164f02bdf9d75287ee77c568889f11d5f2;0xc2a0c36f5939a14966705c7cec813163faeea1f0 ],[ 92175830055758;92175830055758;94303169147342;94303169147342;94303169147342 ],"[('LayerZero Labs', '92175830055758'), ('Google Cloud', '92175830055758')]","[('Canary', '92175830055758'), ('Luganodes', '92175830055758'), ('Deutsche Telekom', '94303169147342')]"
0x35e5981600e9a05572a091b9d5df2d52f464d1c588ba384705082153c65601ba,[ 0x9e059a54699a285714207b43b055483e78faac25;0xd56e4eab23cb81f43168f9f45211eb027b9ac7cc ],[ 0x554833698ae0fb22ecc90b01222903fd62ca4b47;0xa0af56164f02bdf9d75287ee77c568889f11d5f2;0xc2a0c36f5939a14966705c7cec813163faeea1f0 ],[ 17378582039406;17378582039406;17779664805966;17779664805966;17779664805966 ],"[('LayerZero Labs', '17378582039406'), ('Google Cloud', '17378582039406')]","[('Canary', '17378582039406'), ('Luganodes', '17378582039406'), ('Deutsche Telekom', '17779664805966')]"
0x34f2d21c61557b177076ff2551abce3a99f6fd26f5aab81b6f1e6a40f7f2f6c4,[ 0x554833698ae0fb22ecc90b01222903fd62ca4b47;0x5b6735c66d97479ccd18294fc96b3084ecb2fa3f;0xc2a0c36f5939a14966705c7cec813163faeea1f0 ],[ ],[ 109217768263;109217768263;109217768263 ],"[('Canary', '109217768263'), ('P2P', '109217768263'), ('Deutsche Telekom', '109217768263')]","[('Unknown DVN', '109217768263')]"
0x33e52c70afe9f79bd38543ed060717461ceaba574ea6ef595597ee9c868d4d8d,[ 0x554833698ae0fb22ecc90b01222903fd62ca4b47;0x5b6735c66d97479ccd18294fc96b3084ecb2fa3f;0xc2a0c36f5939a14966705c7cec813163faeea1f0 ],[ ],[ 11842624836000;11842624836000;11842624836000 ],"[('Canary', '11842624836000'), ('P2P', '11842624836000'), ('Deutsche Telekom', '11842624836000')]","[('Unknown DVN', '11842624836000')]"
0xcc36ebec076b34c1bc74aa11c35534d97accbce6947b8e3c67d23cc30df1bc8f,[ 0x554833698ae0fb22ecc90b01222903fd62ca4b47;0x5b6735c66d97479ccd18294fc96b3084ecb2fa3f;0xc2a0c36f5939a14966705c7cec813163faeea1f0 ],[ ],[ 2412108000000;2412108000000;2412108000000 ],"[('Canary', '2412108000000'), ('P2P', '2412108000000'), ('Deutsche Telekom', '2412108000000')]","[('Unknown DVN', '2412108000000')]"
0x255feb4116a179c3ce704d3d820cbcfec2422542e2631748186ac82fd1f00d07,[ 0x9e059a54699a285714207b43b055483e78faac25;0xd56e4eab23cb81f43168f9f45211eb027b9ac7cc ],[ 0x554833698ae0fb22ecc90b01222903fd62ca4b47;0xa0af56164f02bdf9d75287ee77c568889f11d5f2;0xc2a0c36f5939a14966705c7cec813163faeea1f0 ],[ 11292136737529;11292136737529;11552749567321;11552749567321;11552749567321 ],"[('LayerZero Labs', '11292136737529'), ('Google Cloud', '11292136737529')]","[('Canary', '11292136737529'), ('Luganodes', '11292136737529'), ('Deutsche Telekom', '11552749567321')]"
0x19871c50101708c1045a55d597cabc5bc75cb2495f53898983d12d431739e674,[ 0x9e059a54699a285714207b43b055483e78faac25;0xd56e4eab23cb81f43168f9f45211eb027b9ac7cc ],[ 0x554833698ae0fb22ecc90b01222903fd62ca4b47;0xa0af56164f02bdf9d75287ee77c568889f11d5f2;0xc2a0c36f5939a14966705c7cec813163faeea1f0 ],[ 11292136737529;11292136737529;11552749567321;11552749567321;11552749567321 ],"[('LayerZero Labs', '11292136737529'), ('Google Cloud', '11292136737529')]","[('Canary', '11292136737529'), ('Luganodes', '11292136737529'), ('Deutsche Telekom', '11552749567321')]"
0x8d711e53eac46b64aeb76968b690963223377cb453f993f587fc64b4dfd197e9,[ 0x9e059a54699a285714207b43b055483e78faac25;0xd56e4eab23cb81f43168f9f45211eb027b9ac7cc ],[ 0x554833698ae0fb22ecc90b01222903fd62ca4b47;0xa0af56164f02bdf9d75287ee77c568889f11d5f2;0xc2a0c36f5939a14966705c7cec813163faeea1f0 ],[ 35643997529044;35643997529044;36466630417492;36466630417492;36466630417492 ],"[('LayerZero Labs', '35643997529044'), ('Google Cloud', '35643997529044')]","[('Canary', '35643997529044'), ('Luganodes', '35643997529044'), ('Deutsche Telekom', '36466630417492')]"
0xea3964c7bcbf387aec32d83ab3cfa958f2e6c85479c5e5fb8fb7dc40560ef4ab,[ 0x9e059a54699a285714207b43b055483e78faac25;0xd56e4eab23cb81f43168f9f45211eb027b9ac7cc ],[ 0x554833698ae0fb22ecc90b01222903fd62ca4b47;0xa0af56164f02bdf9d75287ee77c568889f11d5f2;0xc2a0c36f5939a14966705c7cec813163faeea1f0 ],[ 35643997529044;35643997529044;36466630417492;36466630417492;36466630417492 ],"[('LayerZero Labs', '35643997529044'), ('Google Cloud', '35643997529044')]","[('Canary', '35643997529044'), ('Luganodes', '35643997529044'), ('Deutsche Telekom', '36466630417492')]"
0x4e4662cc4821fcb084ca5a97fe2c20446b7c7406a83f4861eea59c840a75c9f4,[ 0x9e059a54699a285714207b43b055483e78faac25;0xd56e4eab23cb81f43168f9f45211eb027b9ac7cc ],[ 0x554833698ae0fb22ecc90b01222903fd62ca4b47;0xa0af56164f02bdf9d75287ee77c568889f11d5f2;0xc2a0c36f5939a14966705c7cec813163faeea1f0 ],[ 35643997529044;35643997529044;36466630417492;36466630417492;36466630417492 ],"[('LayerZero Labs', '35643997529044'), ('Google Cloud', '35643997529044')]","[('Canary', '35643997529044'), ('Luganodes', '35643997529044'), ('Deutsche Telekom', '36466630417492')]"
0xf424964c66dadf5bb1af077039982f2832c8b904ccbc13912998832a3b3719b5,[ 0x9e059a54699a285714207b43b055483e78faac25;0xd56e4eab23cb81f43168f9f45211eb027b9ac7cc ],[ 0x554833698ae0fb22ecc90b01222903fd62ca4b47;0xa0af56164f02bdf9d75287ee77c568889f11d5f2;0xc2a0c36f5939a14966705c7cec813163faeea1f0 ],[ 35643997529044;35643997529044;36466630417492;36466630417492;36466630417492 ],"[('LayerZero Labs', '35643997529044'), ('Google Cloud', '35643997529044')]","[('Canary', '35643997529044'), ('Luganodes', '35643997529044'), ('Deutsche Telekom', '36466630417492')]"
0xa7c9eb9bb1defc13a4120330624a9f96e3a25ab524e87ffb366245a8c18ecd15,[ 0x554833698ae0fb22ecc90b01222903fd62ca4b47;0x5b6735c66d97479ccd18294fc96b3084ecb2fa3f;0xc2a0c36f5939a14966705c7cec813163faeea1f0 ],[ ],[ 15971080377600;15971080377600;15971080377600 ],"[('Canary', '15971080377600'), ('P2P', '15971080377600'), ('Deutsche Telekom', '15971080377600')]","[('Unknown DVN', '15971080377600')]"
0xa2f492c15bda79b0ab86facbaac6519d9b472e88e84e4d2e15e21a602224aac3,[ 0x9e059a54699a285714207b43b055483e78faac25;0xcd37ca043f8479064e10635020c65ffc005d36f6;0xd56e4eab23cb81f43168f9f45211eb027b9ac7cc ],[ 0x133e9fb2d339d8428476a714b1113b024343811e;0x554833698ae0fb22ecc90b01222903fd62ca4b47;0x5b6735c66d97479ccd18294fc96b3084ecb2fa3f;0xa7b5189bca84cd304d8553977c7c614329750d99;0xb3ce0a5d132cd9bf965aba435e650c55edce0062;0xc2a0c36f5939a14966705c7cec813163faeea1f0;0xcdf31d62140204c08853b547e64707110fbc6680;0xdd7b5e1db4aafd5c8ec3b764efb8ed265aa5445b;0xeede111103535e473451311e26c3e6660b0f77e1 ],[ 11031551540847;10929712042057;11031551540847;11489829285404;11286150287823;11286150287823;11031551540847;10929712042057;11286150287823;10929712042057;10929712042057;10929712042057 ],"[('LayerZero Labs', '11031551540847'), ('Nethermind', '10929712042057'), ('Google Cloud', '11031551540847')]","[('BitGo', '11031551540847'), ('Canary', '10929712042057'), ('P2P', '11031551540847'), ('Horizen', '11489829285404'), ('BCW Group', '11286150287823'), ('Deutsche Telekom', '11286150287823'), ('Stargate', '11031551540847'), ('BWare', '10929712042057'), ('Omni X', '11286150287823')]"
0x612d4cdf3e3aa9e6b81e603299623a1bc924ac992856d40f0b45c69cd2fd9d62,[ 0x9e059a54699a285714207b43b055483e78faac25;0xd56e4eab23cb81f43168f9f45211eb027b9ac7cc ],[ 0x554833698ae0fb22ecc90b01222903fd62ca4b47;0xa0af56164f02bdf9d75287ee77c568889f11d5f2;0xc2a0c36f5939a14966705c7cec813163faeea1f0 ],[ 11031551540847;11031551540847;11286150287823;11286150287823;11286150287823 ],"[('LayerZero Labs', '11031551540847'), ('Google Cloud', '11031551540847')]","[('Canary', '11031551540847'), ('Luganodes', '11031551540847'), ('Deutsche Telekom', '11286150287823')]"
0x94bc28127047662b7df08d68f031b78e34a270475609623c1bcedcc6b0580fa4,[ 0x554833698ae0fb22ecc90b01222903fd62ca4b47;0x5b6735c66d97479ccd18294fc96b3084ecb2fa3f;0xc2a0c36f5939a14966705c7cec813163faeea1f0 ],[ ],[ 2313084000000;2313084000000;2313084000000 ],"[('Canary', '2313084000000'), ('P2P', '2313084000000'), ('Deutsche Telekom', '2313084000000')]","[('Unknown DVN', '2313084000000')]"
0xdab7a8bc0b9438918434ab18f972b0d150ecafad75df3c2606307972ace42377,[ 0x9e059a54699a285714207b43b055483e78faac25;0xd56e4eab23cb81f43168f9f45211eb027b9ac7cc ],[ 0x554833698ae0fb22ecc90b01222903fd62ca4b47;0xa0af56164f02bdf9d75287ee77c568889f11d5f2;0xc2a0c36f5939a14966705c7cec813163faeea1f0 ],[ 11031551540847;11031551540847;11286150287823;11286150287823;11286150287823 ],"[('LayerZero Labs', '11031551540847'), ('Google Cloud', '11031551540847')]","[('Canary', '11031551540847'), ('Luganodes', '11031551540847'), ('Deutsche Telekom', '11286150287823')]"
0xb2688bc31237c027301b8ea1e69759f641904bb77afe2bdcd83145cd35404882,[ 0x9e059a54699a285714207b43b055483e78faac25;0xd56e4eab23cb81f43168f9f45211eb027b9ac7cc ],[ 0x554833698ae0fb22ecc90b01222903fd62ca4b47;0xa0af56164f02bdf9d75287ee77c568889f11d5f2;0xc2a0c36f5939a14966705c7cec813163faeea1f0 ],[ 11031551540847;11031551540847;11286150287823;11286150287823;11286150287823 ],"[('LayerZero Labs', '11031551540847'), ('Google Cloud', '11031551540847')]","[('Canary', '11031551540847'), ('Luganodes', '11031551540847'), ('Deutsche Telekom', '11286150287823')]"
0x2b071a4b48b78728c2a79a8c89e3fc185312b1940a3bf3d3c2748ccf36e36c51,[ 0x9e059a54699a285714207b43b055483e78faac25;0xd56e4eab23cb81f43168f9f45211eb027b9ac7cc ],[ 0x554833698ae0fb22ecc90b01222903fd62ca4b47;0xa0af56164f02bdf9d75287ee77c568889f11d5f2;0xc2a0c36f5939a14966705c7cec813163faeea1f0 ],[ 11031551540847;11031551540847;11286150287823;11286150287823;11286150287823 ],"[('LayerZero Labs', '11031551540847'), ('Google Cloud', '11031551540847')]","[('Canary', '11031551540847'), ('Luganodes', '11031551540847'), ('Deutsche Telekom', '11286150287823')]"
0xb3a69ef5af3c1d0b33a613e72bfca8b3b22147772ae58ed7ed8195e3d3eacec2,[ 0x9e059a54699a285714207b43b055483e78faac25;0xd56e4eab23cb81f43168f9f45211eb027b9ac7cc ],[ 0x554833698ae0fb22ecc90b01222903fd62ca4b47;0xa0af56164f02bdf9d75287ee77c568889f11d5f2;0xc2a0c36f5939a14966705c7cec813163faeea1f0 ],[ 11031551540847;11031551540847;11286150287823;11286150287823;11286150287823 ],"[('LayerZero Labs', '11031551540847'), ('Google Cloud', '11031551540847')]","[('Canary', '11031551540847'), ('Luganodes', '11031551540847'), ('Deutsche Telekom', '11286150287823')]"
0x86918771be8ee42855cf92b1894e6c4f8628fba4b06d6d717259a65110c46871,[ 0x9e059a54699a285714207b43b055483e78faac25;0xd56e4eab23cb81f43168f9f45211eb027b9ac7cc ],[ 0x554833698ae0fb22ecc90b01222903fd62ca4b47;0xa0af56164f02bdf9d75287ee77c568889f11d5f2;0xc2a0c36f5939a14966705c7cec813163faeea1f0 ],[ 11031551540847;11031551540847;11286150287823;11286150287823;11286150287823 ],"[('LayerZero Labs', '11031551540847'), ('Google Cloud', '11031551540847')]","[('Canary', '11031551540847'), ('Luganodes', '11031551540847'), ('Deutsche Telekom', '11286150287823')]"
0x425471fde85e55c058bcaca1f1c8646d595d16d53a3928f58922c9511bb91b1b,[ 0x9e059a54699a285714207b43b055483e78faac25;0xd56e4eab23cb81f43168f9f45211eb027b9ac7cc ],[ 0x554833698ae0fb22ecc90b01222903fd62ca4b47;0xa0af56164f02bdf9d75287ee77c568889f11d5f2;0xc2a0c36f5939a14966705c7cec813163faeea1f0 ],[ 11031551540847;11031551540847;11286150287823;11286150287823;11286150287823 ],"[('LayerZero Labs', '11031551540847'), ('Google Cloud', '11031551540847')]","[('Canary', '11031551540847'), ('Luganodes', '11031551540847'), ('Deutsche Telekom', '11286150287823')]"
0xa754833201eda6c3146e5f7f00c45f4dff21243d47c52b622097f4d0ad7c599d,[ 0x554833698ae0fb22ecc90b01222903fd62ca4b47;0x5b6735c66d97479ccd18294fc96b3084ecb2fa3f;0xc2a0c36f5939a14966705c7cec813163faeea1f0 ],[ ],[ 2306724000000;2306724000000;2306724000000 ],"[('Canary', '2306724000000'), ('P2P', '2306724000000'), ('Deutsche Telekom', '2306724000000')]","[('Unknown DVN', '2306724000000')]"
0x2cb5f46686f485c011b835720529d7c231e03daa67b2aca9696cf3766d66e980,[ 0x9e059a54699a285714207b43b055483e78faac25;0xd56e4eab23cb81f43168f9f45211eb027b9ac7cc ],[ 0x554833698ae0fb22ecc90b01222903fd62ca4b47;0xa0af56164f02bdf9d75287ee77c568889f11d5f2;0xc2a0c36f5939a14966705c7cec813163faeea1f0 ],[ 11031551540847;11031551540847;11286150287823;11286150287823;11286150287823 ],"[('LayerZero Labs', '11031551540847'), ('Google Cloud', '11031551540847')]","[('Canary', '11031551540847'), ('Luganodes', '11031551540847'), ('Deutsche Telekom', '11286150287823')]"
0x410f06daf7b57e3a903cd40ddcadef6c68174cb958ac8d4cccbbb5ad0c7b0b69,[ 0x554833698ae0fb22ecc90b01222903fd62ca4b47;0x5b6735c66d97479ccd18294fc96b3084ecb2fa3f;0xc2a0c36f5939a14966705c7cec813163faeea1f0 ],[ ],[ 2383392000000;2383392000000;2383392000000 ],"[('Canary', '2383392000000'), ('P2P', '2383392000000'), ('Deutsche Telekom', '2383392000000')]","[('Unknown DVN', '2383392000000')]"
0xd4f1ef6a92a5542342204cb50d01f65b9d15fe756f1b1a8594a837ade4960849,[ 0x9e059a54699a285714207b43b055483e78faac25;0xd56e4eab23cb81f43168f9f45211eb027b9ac7cc ],[ 0x554833698ae0fb22ecc90b01222903fd62ca4b47;0xa0af56164f02bdf9d75287ee77c568889f11d5f2;0xc2a0c36f5939a14966705c7cec813163faeea1f0 ],[ 10539210320142;10539210320142;10782446254062;10782446254062;10782446254062 ],"[('LayerZero Labs', '10539210320142'), ('Google Cloud', '10539210320142')]","[('Canary', '10539210320142'), ('Luganodes', '10539210320142'), ('Deutsche Telekom', '10782446254062')]"
0x12e87eba0e123a877f0f1ec59bd01fad550d33927f5b7c2c2bb94360063a2551,[ 0x554833698ae0fb22ecc90b01222903fd62ca4b47;0x5b6735c66d97479ccd18294fc96b3084ecb2fa3f;0xc2a0c36f5939a14966705c7cec813163faeea1f0 ],[ ],[ 2313372000000;2313372000000;2313372000000 ],"[('Canary', '2313372000000'), ('P2P', '2313372000000'), ('Deutsche Telekom', '2313372000000')]","[('Unknown DVN', '2313372000000')]"
0x9d39d76650af5007a915fce1e84a21a26f0a3091f755724d56a4ea3c9b57dd54,[ 0x554833698ae0fb22ecc90b01222903fd62ca4b47;0x5b6735c66d97479ccd18294fc96b3084ecb2fa3f;0xc2a0c36f5939a14966705c7cec813163faeea1f0 ],[ ],[ 117173976559;117173976559;117173976559 ],"[('Canary', '117173976559'), ('P2P', '117173976559'), ('Deutsche Telekom', '117173976559')]","[('Unknown DVN', '117173976559')]"
0x946488e39e12e3a2c607bcb7fe8a00c57e64fa740567c27d51777abdcbe6d5d1,[ 0x9e059a54699a285714207b43b055483e78faac25;0xd56e4eab23cb81f43168f9f45211eb027b9ac7cc ],[ 0x554833698ae0fb22ecc90b01222903fd62ca4b47;0xa0af56164f02bdf9d75287ee77c568889f11d5f2;0xc2a0c36f5939a14966705c7cec813163faeea1f0 ],[ 102173949013399;102173949013399;104532036114391;104532036114391;104532036114391 ],"[('LayerZero Labs', '102173949013399'), ('Google Cloud', '102173949013399')]","[('Canary', '102173949013399'), ('Luganodes', '102173949013399'), ('Deutsche Telekom', '104532036114391')]"
0xb68587d82d7ad523023e96b0d8736ae0864d6b406d055321e510b65dd5daea0b,[ 0x9e059a54699a285714207b43b055483e78faac25;0xcd37ca043f8479064e10635020c65ffc005d36f6;0xd56e4eab23cb81f43168f9f45211eb027b9ac7cc ],[ 0x133e9fb2d339d8428476a714b1113b024343811e;0x554833698ae0fb22ecc90b01222903fd62ca4b47;0x5b6735c66d97479ccd18294fc96b3084ecb2fa3f;0xa7b5189bca84cd304d8553977c7c614329750d99;0xb3ce0a5d132cd9bf965aba435e650c55edce0062;0xc2a0c36f5939a14966705c7cec813163faeea1f0;0xcdf31d62140204c08853b547e64707110fbc6680;0xdd7b5e1db4aafd5c8ec3b764efb8ed265aa5445b;0xeede111103535e473451311e26c3e6660b0f77e1 ],[ 31915159594592;31620529791622;31915159594592;33240993707955;32651734102016;32651734102016;31915159594592;31620529791622;32651734102016;31620529791622;31620529791622;31620529791622 ],"[('LayerZero Labs', '31915159594592'), ('Nethermind', '31620529791622'), ('Google Cloud', '31915159594592')]","[('BitGo', '31915159594592'), ('Canary', '31620529791622'), ('P2P', '31915159594592'), ('Horizen', '33240993707955'), ('BCW Group', '32651734102016'), ('Deutsche Telekom', '32651734102016'), ('Stargate', '31915159594592'), ('BWare', '31620529791622'), ('Omni X', '32651734102016')]"
0x7ad03effcf0aa1d02676c7d22fead8e3c357d1dfb1095787db022a362ecbe844,[ 0x554833698ae0fb22ecc90b01222903fd62ca4b47;0x5b6735c66d97479ccd18294fc96b3084ecb2fa3f;0xc2a0c36f5939a14966705c7cec813163faeea1f0 ],[ ],[ 2334504000000;2334504000000;2334504000000 ],"[('Canary', '2334504000000'), ('P2P', '2334504000000'), ('Deutsche Telekom', '2334504000000')]","[('Unknown DVN', '2334504000000')]"
0xa68b602c695ca30a74e2eb8feee4182fd0f90aba0ec1d45d98285c0e15545b65,[ 0x9e059a54699a285714207b43b055483e78faac25;0xd56e4eab23cb81f43168f9f45211eb027b9ac7cc ],[ 0x554833698ae0fb22ecc90b01222903fd62ca4b47;0xa0af56164f02bdf9d75287ee77c568889f11d5f2;0xc2a0c36f5939a14966705c7cec813163faeea1f0 ],[ 31243618750276;31243618750276;31964694671044;31964694671044;31964694671044 ],"[('LayerZero Labs', '31243618750276'), ('Google Cloud', '31243618750276')]","[('Canary', '31243618750276'), ('Luganodes', '31243618750276'), ('Deutsche Telekom', '31964694671044')]"
0xe0890d8e4122fb6d07b46be3b2a8351f78f54c4455678edb844db4ebd723d687,[ 0x9e059a54699a285714207b43b055483e78faac25;0xd56e4eab23cb81f43168f9f45211eb027b9ac7cc ],[ 0x554833698ae0fb22ecc90b01222903fd62ca4b47;0xa0af56164f02bdf9d75287ee77c568889f11d5f2;0xc2a0c36f5939a14966705c7cec813163faeea1f0 ],[ 31243618750276;31243618750276;31964694671044;31964694671044;31964694671044 ],"[('LayerZero Labs', '31243618750276'), ('Google Cloud', '31243618750276')]","[('Canary', '31243618750276'), ('Luganodes', '31243618750276'), ('Deutsche Telekom', '31964694671044')]"
0xa20176c41bab99775c274b72d27677a8ceb43f96f35d80e0b3ac760b12f66733,[ 0x9e059a54699a285714207b43b055483e78faac25;0xd56e4eab23cb81f43168f9f45211eb027b9ac7cc ],[ 0x554833698ae0fb22ecc90b01222903fd62ca4b47;0xa0af56164f02bdf9d75287ee77c568889f11d5f2;0xc2a0c36f5939a14966705c7cec813163faeea1f0 ],[ 94868114421687;94868114421687;97057589127063;97057589127063;97057589127063 ],"[('LayerZero Labs', '94868114421687'), ('Google Cloud', '94868114421687')]","[('Canary', '94868114421687'), ('Luganodes', '94868114421687'), ('Deutsche Telekom', '97057589127063')]"
0x1a50d068a0cba8916249f32972d1844a86e39769033619837a01f6e453d0bb7c,[ 0x9e059a54699a285714207b43b055483e78faac25;0xd56e4eab23cb81f43168f9f45211eb027b9ac7cc ],[ 0x554833698ae0fb22ecc90b01222903fd62ca4b47;0xa0af56164f02bdf9d75287ee77c568889f11d5f2;0xc2a0c36f5939a14966705c7cec813163faeea1f0 ],[ 49944468688472;49944468688472;51097144184696;51097144184696;51097144184696 ],"[('LayerZero Labs', '49944468688472'), ('Google Cloud', '49944468688472')]","[('Canary', '49944468688472'), ('Luganodes', '49944468688472'), ('Deutsche Telekom', '51097144184696')]"
0xa19688bcbaaa1489cc30380cd34c9b081e827c14ff663eefee4ec52e01596f64,[ 0x9e059a54699a285714207b43b055483e78faac25;0xd56e4eab23cb81f43168f9f45211eb027b9ac7cc ],[ 0x554833698ae0fb22ecc90b01222903fd62ca4b47;0xa0af56164f02bdf9d75287ee77c568889f11d5f2;0xc2a0c36f5939a14966705c7cec813163faeea1f0 ],[ 49944468688472;49944468688472;51097144184696;51097144184696;51097144184696 ],"[('LayerZero Labs', '49944468688472'), ('Google Cloud', '49944468688472')]","[('Canary', '49944468688472'), ('Luganodes', '49944468688472'), ('Deutsche Telekom', '51097144184696')]"
0x4fd0a920a4e1c3657324f35a3c42f09a13cb5624c30af17458b445ce300f704d,[ 0x9e059a54699a285714207b43b055483e78faac25;0xd56e4eab23cb81f43168f9f45211eb027b9ac7cc ],[ 0x554833698ae0fb22ecc90b01222903fd62ca4b47;0xa0af56164f02bdf9d75287ee77c568889f11d5f2;0xc2a0c36f5939a14966705c7cec813163faeea1f0 ],[ 49944468688472;49944468688472;51097144184696;51097144184696;51097144184696 ],"[('LayerZero Labs', '49944468688472'), ('Google Cloud', '49944468688472')]","[('Canary', '49944468688472'), ('Luganodes', '49944468688472'), ('Deutsche Telekom', '51097144184696')]"
0xa640c4e8f6ae73f4dac47984ddde27782746e585a6d7ddf6a17c9ae3f14d6491,[ 0x9e059a54699a285714207b43b055483e78faac25;0xcd37ca043f8479064e10635020c65ffc005d36f6;0xd56e4eab23cb81f43168f9f45211eb027b9ac7cc ],[ 0x133e9fb2d339d8428476a714b1113b024343811e;0x554833698ae0fb22ecc90b01222903fd62ca4b47;0x5b6735c66d97479ccd18294fc96b3084ecb2fa3f;0xa7b5189bca84cd304d8553977c7c614329750d99;0xb3ce0a5d132cd9bf965aba435e650c55edce0062;0xc2a0c36f5939a14966705c7cec813163faeea1f0;0xcdf31d62140204c08853b547e64707110fbc6680;0xdd7b5e1db4aafd5c8ec3b764efb8ed265aa5445b;0xeede111103535e473451311e26c3e6660b0f77e1 ],[ 54173827709509;53673713519672;54173827709509;56424341563774;55424113184101;55424113184101;54173827709509;53673713519672;55424113184101;53673713519672;53673713519672;53673713519672 ],"[('LayerZero Labs', '54173827709509'), ('Nethermind', '53673713519672'), ('Google Cloud', '54173827709509')]","[('BitGo', '54173827709509'), ('Canary', '53673713519672'), ('P2P', '54173827709509'), ('Horizen', '56424341563774'), ('BCW Group', '55424113184101'), ('Deutsche Telekom', '55424113184101'), ('Stargate', '54173827709509'), ('BWare', '53673713519672'), ('Omni X', '55424113184101')]"
0x4c12f76512c542fd9a5babcce7bac6c4bf2fe86e971e116a3058d1d66ab89422,[ 0x9e059a54699a285714207b43b055483e78faac25;0xcd37ca043f8479064e10635020c65ffc005d36f6;0xd56e4eab23cb81f43168f9f45211eb027b9ac7cc ],[ 0x133e9fb2d339d8428476a714b1113b024343811e;0x554833698ae0fb22ecc90b01222903fd62ca4b47;0x5b6735c66d97479ccd18294fc96b3084ecb2fa3f;0xa7b5189bca84cd304d8553977c7c614329750d99;0xb3ce0a5d132cd9bf965aba435e650c55edce0062;0xc2a0c36f5939a14966705c7cec813163faeea1f0;0xcdf31d62140204c08853b547e64707110fbc6680;0xdd7b5e1db4aafd5c8ec3b764efb8ed265aa5445b;0xeede111103535e473451311e26c3e6660b0f77e1 ],[ 14226714438342;14095378291974;14226714438342;14817727096998;14555054804262;14555054804262;14226714438342;14095378291974;14555054804262;14095378291974;14095378291974;14095378291974 ],"[('LayerZero Labs', '14226714438342'), ('Nethermind', '14095378291974'), ('Google Cloud', '14226714438342')]","[('BitGo', '14226714438342'), ('Canary', '14095378291974'), ('P2P', '14226714438342'), ('Horizen', '14817727096998'), ('BCW Group', '14555054804262'), ('Deutsche Telekom', '14555054804262'), ('Stargate', '14226714438342'), ('BWare', '14095378291974'), ('Omni X', '14555054804262')]"
0xead8931894b78d14d3db36bea05b0b69bd7d12a8ec06af81ca826c6c40b2e156,[ 0x554833698ae0fb22ecc90b01222903fd62ca4b47;0x5b6735c66d97479ccd18294fc96b3084ecb2fa3f;0xc2a0c36f5939a14966705c7cec813163faeea1f0 ],[ ],[ 2318496000000;2318496000000;2318496000000 ],"[('Canary', '2318496000000'), ('P2P', '2318496000000'), ('Deutsche Telekom', '2318496000000')]","[('Unknown DVN', '2318496000000')]"
0x57a6b3b768d90060ce2c087373c1c7334c78b07fde96259506c6c4f8570039a2,[ 0x9e059a54699a285714207b43b055483e78faac25;0xd56e4eab23cb81f43168f9f45211eb027b9ac7cc ],[ 0x554833698ae0fb22ecc90b01222903fd62ca4b47;0xa0af56164f02bdf9d75287ee77c568889f11d5f2;0xc2a0c36f5939a14966705c7cec813163faeea1f0 ],[ 46077295257109;46077295257109;47140719707701;47140719707701;47140719707701 ],"[('LayerZero Labs', '46077295257109'), ('Google Cloud', '46077295257109')]","[('Canary', '46077295257109'), ('Luganodes', '46077295257109'), ('Deutsche Telekom', '47140719707701')]"
0x5d7542b3b970dee9e9e9fbb8e3947810856e31834098bc310be34a572b8d7c9a,[ 0x554833698ae0fb22ecc90b01222903fd62ca4b47;0x5b6735c66d97479ccd18294fc96b3084ecb2fa3f;0xc2a0c36f5939a14966705c7cec813163faeea1f0 ],[ ],[ 19934165853843;19934165853843;19934165853843 ],"[('Canary', '19934165853843'), ('P2P', '19934165853843'), ('Deutsche Telekom', '19934165853843')]","[('Unknown DVN', '19934165853843')]"
0x577a64cb35a02bfa1d9ac1a4f27137d69c937c099b84a80a2235334f162c69ab,[ 0x9e059a54699a285714207b43b055483e78faac25;0xd56e4eab23cb81f43168f9f45211eb027b9ac7cc ],[ 0x554833698ae0fb22ecc90b01222903fd62ca4b47;0xa0af56164f02bdf9d75287ee77c568889f11d5f2;0xc2a0c36f5939a14966705c7cec813163faeea1f0 ],[ 46077295257109;46077295257109;47140719707701;47140719707701;47140719707701 ],"[('LayerZero Labs', '46077295257109'), ('Google Cloud', '46077295257109')]","[('Canary', '46077295257109'), ('Luganodes', '46077295257109'), ('Deutsche Telekom', '47140719707701')]"
0x03ae2660f232a7f4c4e8b32914d9703ce0b7145187afab007d42a3f3e77304db,[ 0x9e059a54699a285714207b43b055483e78faac25;0xd56e4eab23cb81f43168f9f45211eb027b9ac7cc ],[ 0x554833698ae0fb22ecc90b01222903fd62ca4b47;0xa0af56164f02bdf9d75287ee77c568889f11d5f2;0xc2a0c36f5939a14966705c7cec813163faeea1f0 ],[ 46077295257109;46077295257109;47140719707701;47140719707701;47140719707701 ],"[('LayerZero Labs', '46077295257109'), ('Google Cloud', '46077295257109')]","[('Canary', '46077295257109'), ('Luganodes', '46077295257109'), ('Deutsche Telekom', '47140719707701')]"
0x76bbe87911714fd30b2e97c82d0b095f1cf5e276a9da79ced9b556c145be4425,[ 0x554833698ae0fb22ecc90b01222903fd62ca4b47;0x5b6735c66d97479ccd18294fc96b3084ecb2fa3f;0xc2a0c36f5939a14966705c7cec813163faeea1f0 ],[ ],[ 2406000000000;2406000000000;2406000000000 ],"[('Canary', '2406000000000'), ('P2P', '2406000000000'), ('Deutsche Telekom', '2406000000000')]","[('Unknown DVN', '2406000000000')]"
0x05106c1c97f9687c0a77efba3e30c14785bddb527dc47398ccb4d04c67f77c24,[ 0x9e059a54699a285714207b43b055483e78faac25;0xd56e4eab23cb81f43168f9f45211eb027b9ac7cc ],[ 0x554833698ae0fb22ecc90b01222903fd62ca4b47;0xa0af56164f02bdf9d75287ee77c568889f11d5f2;0xc2a0c36f5939a14966705c7cec813163faeea1f0 ],[ 150689340197424;150689340197424;154167120911664;154167120911664;154167120911664 ],"[('LayerZero Labs', '150689340197424'), ('Google Cloud', '150689340197424')]","[('Canary', '150689340197424'), ('Luganodes', '150689340197424'), ('Deutsche Telekom', '154167120911664')]"
0x0dc7e66ae6ebb43d8e09392a994ac294ac8deed96c114e92ad6c7c6fe516bdba,[ 0x9e059a54699a285714207b43b055483e78faac25;0xd56e4eab23cb81f43168f9f45211eb027b9ac7cc ],[ 0x554833698ae0fb22ecc90b01222903fd62ca4b47;0xa0af56164f02bdf9d75287ee77c568889f11d5f2;0xc2a0c36f5939a14966705c7cec813163faeea1f0 ],[ 150689340197424;150689340197424;154167120911664;154167120911664;154167120911664 ],"[('LayerZero Labs', '150689340197424'), ('Google Cloud', '150689340197424')]","[('Canary', '150689340197424'), ('Luganodes', '150689340197424'), ('Deutsche Telekom', '154167120911664')]"
0xab6dea4a49f9d2f9a4fefea7a9141fcfac80e8aa5503f23b4e9f993bab03b9ee,[ 0x9e059a54699a285714207b43b055483e78faac25;0xd56e4eab23cb81f43168f9f45211eb027b9ac7cc ],[ 0x554833698ae0fb22ecc90b01222903fd62ca4b47;0xa0af56164f02bdf9d75287ee77c568889f11d5f2;0xc2a0c36f5939a14966705c7cec813163faeea1f0 ],[ 150689340197424;150689340197424;154167120911664;154167120911664;154167120911664 ],"[('LayerZero Labs', '150689340197424'), ('Google Cloud', '150689340197424')]","[('Canary', '150689340197424'), ('Luganodes', '150689340197424'), ('Deutsche Telekom', '154167120911664')]"
0x35d372be2ff6e545a8733f9e1414829c17f5c6832e754aa4623164f7f1a7987a,[ 0x554833698ae0fb22ecc90b01222903fd62ca4b47;0x5b6735c66d97479ccd18294fc96b3084ecb2fa3f;0xc2a0c36f5939a14966705c7cec813163faeea1f0 ],[ ],[ 292786624980;292786624980;292786624980 ],"[('Canary', '292786624980'), ('P2P', '292786624980'), ('Deutsche Telekom', '292786624980')]","[('Unknown DVN', '292786624980')]"
0xe01c0cba5a8283fee0893945232b08bd0b6a87791033a8b3b72a8f6825adb55e,[ 0x554833698ae0fb22ecc90b01222903fd62ca4b47;0x5b6735c66d97479ccd18294fc96b3084ecb2fa3f;0xc2a0c36f5939a14966705c7cec813163faeea1f0 ],[ ],[ 2345244000000;2345244000000;2345244000000 ],"[('Canary', '2345244000000'), ('P2P', '2345244000000'), ('Deutsche Telekom', '2345244000000')]","[('Unknown DVN', '2345244000000')]"
0xa01374a7dca86c5fe7c596fb13f7b113b127f50fd0bdcf2aebb3633fbd6bf8b1,[ 0x9e059a54699a285714207b43b055483e78faac25;0xd56e4eab23cb81f43168f9f45211eb027b9ac7cc ],[ 0x554833698ae0fb22ecc90b01222903fd62ca4b47;0xa0af56164f02bdf9d75287ee77c568889f11d5f2;0xc2a0c36f5939a14966705c7cec813163faeea1f0 ],[ 1384604387694124;1384604387694124;1416559869283372;1416559869283372;1416559869283372 ],"[('LayerZero Labs', '1384604387694124'), ('Google Cloud', '1384604387694124')]","[('Canary', '1384604387694124'), ('Luganodes', '1384604387694124'), ('Deutsche Telekom', '1416559869283372')]"
0xb96107a1604f509df3dce1cb5de067db30feda03cfca894021dd880f1e427a1d,[ 0x554833698ae0fb22ecc90b01222903fd62ca4b47;0x5b6735c66d97479ccd18294fc96b3084ecb2fa3f;0xc2a0c36f5939a14966705c7cec813163faeea1f0 ],[ ],[ 10150359139065;10150359139065;10150359139065 ],"[('Canary', '10150359139065'), ('P2P', '10150359139065'), ('Deutsche Telekom', '10150359139065')]","[('Unknown DVN', '10150359139065')]"
0xd1ba4fd1d417d0e1386d7da2d852362e410e1d4e8159eea447070687eb335723,[ 0x554833698ae0fb22ecc90b01222903fd62ca4b47;0x5b6735c66d97479ccd18294fc96b3084ecb2fa3f;0xc2a0c36f5939a14966705c7cec813163faeea1f0 ],[ ],[ 2311908000000;2311908000000;2311908000000 ],"[('Canary', '2311908000000'), ('P2P', '2311908000000'), ('Deutsche Telekom', '2311908000000')]","[('Unknown DVN', '2311908000000')]"
0x1eb1dab48a5afb5d7a3795f1eaa5cb8b99fd64d66aea8c28a69a507c36bbb1f5,[ 0x554833698ae0fb22ecc90b01222903fd62ca4b47;0x5b6735c66d97479ccd18294fc96b3084ecb2fa3f;0xc2a0c36f5939a14966705c7cec813163faeea1f0 ],[ ],[ 11279567337600;11279567337600;11279567337600 ],"[('Canary', '11279567337600'), ('P2P', '11279567337600'), ('Deutsche Telekom', '11279567337600')]","[('Unknown DVN', '11279567337600')]"
0x3dd83c545f84fe9c028aede500f099693c0ea8cd6c9ee7504bf42953b4be6eb8,[ 0x9e059a54699a285714207b43b055483e78faac25;0xcd37ca043f8479064e10635020c65ffc005d36f6;0xd56e4eab23cb81f43168f9f45211eb027b9ac7cc ],[ 0x133e9fb2d339d8428476a714b1113b024343811e;0x554833698ae0fb22ecc90b01222903fd62ca4b47;0x5b6735c66d97479ccd18294fc96b3084ecb2fa3f;0xa7b5189bca84cd304d8553977c7c614329750d99;0xb3ce0a5d132cd9bf965aba435e650c55edce0062;0xc2a0c36f5939a14966705c7cec813163faeea1f0;0xcdf31d62140204c08853b547e64707110fbc6680;0xdd7b5e1db4aafd5c8ec3b764efb8ed265aa5445b;0xeede111103535e473451311e26c3e6660b0f77e1 ],[ 22593285102872;22384711646782;22593285102872;23531865655275;23114718743096;23114718743096;22593285102872;22384711646782;23114718743096;22384711646782;22384711646782;22384711646782 ],"[('LayerZero Labs', '22593285102872'), ('Nethermind', '22384711646782'), ('Google Cloud', '22593285102872')]","[('BitGo', '22593285102872'), ('Canary', '22384711646782'), ('P2P', '22593285102872'), ('Horizen', '23531865655275'), ('BCW Group', '23114718743096'), ('Deutsche Telekom', '23114718743096'), ('Stargate', '22593285102872'), ('BWare', '22384711646782'), ('Omni X', '23114718743096')]"
0x2dad80eef679d146ba8b7fb11024fd4fde88c85a4c55bc194e0eb0742587d11e,[ 0x9e059a54699a285714207b43b055483e78faac25;0xd56e4eab23cb81f43168f9f45211eb027b9ac7cc ],[ 0x554833698ae0fb22ecc90b01222903fd62ca4b47;0xa0af56164f02bdf9d75287ee77c568889f11d5f2;0xc2a0c36f5939a14966705c7cec813163faeea1f0 ],[ 22593285102872;22593285102872;23114718743096;23114718743096;23114718743096 ],"[('LayerZero Labs', '22593285102872'), ('Google Cloud', '22593285102872')]","[('Canary', '22593285102872'), ('Luganodes', '22593285102872'), ('Deutsche Telekom', '23114718743096')]"
0xe2ee42583f24ec597e7fe5afdfe1067b071b7bedc2dce8d0391534ee834d5f3d,[ 0x554833698ae0fb22ecc90b01222903fd62ca4b47;0x5b6735c66d97479ccd18294fc96b3084ecb2fa3f;0xc2a0c36f5939a14966705c7cec813163faeea1f0 ],[ ],[ 9385437120000;9385437120000;9385437120000 ],"[('Canary', '9385437120000'), ('P2P', '9385437120000'), ('Deutsche Telekom', '9385437120000')]","[('Unknown DVN', '9385437120000')]"
0xb958150c30697a224a8e623cbe5ed2170d9614f433f767d3972885d698dfdef5,[ 0x9e059a54699a285714207b43b055483e78faac25;0xcd37ca043f8479064e10635020c65ffc005d36f6;0xd56e4eab23cb81f43168f9f45211eb027b9ac7cc ],[ 0x133e9fb2d339d8428476a714b1113b024343811e;0x554833698ae0fb22ecc90b01222903fd62ca4b47;0x5b6735c66d97479ccd18294fc96b3084ecb2fa3f;0xa7b5189bca84cd304d8553977c7c614329750d99;0xb3ce0a5d132cd9bf965aba435e650c55edce0062;0xc2a0c36f5939a14966705c7cec813163faeea1f0;0xcdf31d62140204c08853b547e64707110fbc6680;0xdd7b5e1db4aafd5c8ec3b764efb8ed265aa5445b;0xeede111103535e473451311e26c3e6660b0f77e1 ],[ 23249841129614;23035206573556;23249841129614;24215696631873;23786427519758;23786427519758;23249841129614;23035206573556;23786427519758;23035206573556;23035206573556;23035206573556 ],"[('LayerZero Labs', '23249841129614'), ('Nethermind', '23035206573556'), ('Google Cloud', '23249841129614')]","[('BitGo', '23249841129614'), ('Canary', '23035206573556'), ('P2P', '23249841129614'), ('Horizen', '24215696631873'), ('BCW Group', '23786427519758'), ('Deutsche Telekom', '23786427519758'), ('Stargate', '23249841129614'), ('BWare', '23035206573556'), ('Omni X', '23786427519758')]"
0xefef2bbe7e97309dcd4d7f14bebc8521052fb2d124c912045dba738ed1d3ea12,[ 0x9e059a54699a285714207b43b055483e78faac25;0xd56e4eab23cb81f43168f9f45211eb027b9ac7cc ],[ 0x554833698ae0fb22ecc90b01222903fd62ca4b47;0xa0af56164f02bdf9d75287ee77c568889f11d5f2;0xc2a0c36f5939a14966705c7cec813163faeea1f0 ],[ 23249841129614;23249841129614;23786427519758;23786427519758;23786427519758 ],"[('LayerZero Labs', '23249841129614'), ('Google Cloud', '23249841129614')]","[('Canary', '23249841129614'), ('Luganodes', '23249841129614'), ('Deutsche Telekom', '23786427519758')]"
