GUID,DVN_Name,DVN_Fee,DVN_Type,DVN_Fee_ETH
0x1103397cd2bc764e294e36e5b5c01f14b7504cf5056a8d838beae4e69c44427c,LayerZero Labs,12970771386510,RequiredDVN,1.297077138651e-05
0x1103397cd2bc764e294e36e5b5c01f14b7504cf5056a8d838beae4e69c44427c,Google Cloud,12970771386510,RequiredDVN,1.297077138651e-05
0xb6d5bbeb3690b74fd8d9565e011e35a5d50fe01ae94393cc656044ef23975c27,LayerZero Labs,12970771386510,RequiredDVN,1.297077138651e-05
0xb6d5bbeb3690b74fd8d9565e011e35a5d50fe01ae94393cc656044ef23975c27,Google Cloud,12970771386510,RequiredDVN,1.297077138651e-05
0x31778b095fdd56bb76c4396ccf95de10714b03a8b821ecd7e8691ed707459ace,LayerZero Labs,12970771386510,RequiredDVN,1.297077138651e-05
0x31778b095fdd56bb76c4396ccf95de10714b03a8b821ecd7e8691ed707459ace,Google Cloud,12970771386510,RequiredDVN,1.297077138651e-05
0x5f86a506417c040121f4146270b1bafbda7aa929089be5daf74fc6b2c9fdb428,Canary,2302356000000,RequiredDVN,2.302356e-06
0x5f86a506417c040121f4146270b1bafbda7aa929089be5daf74fc6b2c9fdb428,P2P,2302356000000,RequiredDVN,2.302356e-06
0x5f86a506417c040121f4146270b1bafbda7aa929089be5daf74fc6b2c9fdb428,Deutsche Telekom,2302356000000,RequiredDVN,2.302356e-06
0xb82c4ddae276802f541a3514897a2b18613708937396105302cbe2cad58a5a59,LayerZero Labs,12970771386510,RequiredDVN,1.297077138651e-05
0xb82c4ddae276802f541a3514897a2b18613708937396105302cbe2cad58a5a59,Google Cloud,12970771386510,RequiredDVN,1.297077138651e-05
0x46149b266396125dbf888c3563ef1dbc98d96845795a75e3851c0e80e59a8d6a,Canary,2322912000000,RequiredDVN,2.322912e-06
0x46149b266396125dbf888c3563ef1dbc98d96845795a75e3851c0e80e59a8d6a,P2P,2322912000000,RequiredDVN,2.322912e-06
0x46149b266396125dbf888c3563ef1dbc98d96845795a75e3851c0e80e59a8d6a,Deutsche Telekom,2322912000000,RequiredDVN,2.322912e-06
0x6369a323196b401994d5c12264669fcf0139cb42217d597e688283885932411b,Canary,128590392696,RequiredDVN,1.28590392696e-07
0x6369a323196b401994d5c12264669fcf0139cb42217d597e688283885932411b,P2P,128590392696,RequiredDVN,1.28590392696e-07
0x6369a323196b401994d5c12264669fcf0139cb42217d597e688283885932411b,Deutsche Telekom,128590392696,RequiredDVN,1.28590392696e-07
0x979bf9b8c52f1520ab8fc195640eb032a80b9188d5df26bb229885f81f2373b6,Canary,109084497844,RequiredDVN,1.09084497844e-07
0x979bf9b8c52f1520ab8fc195640eb032a80b9188d5df26bb229885f81f2373b6,P2P,109084497844,RequiredDVN,1.09084497844e-07
0x979bf9b8c52f1520ab8fc195640eb032a80b9188d5df26bb229885f81f2373b6,Deutsche Telekom,109084497844,RequiredDVN,1.09084497844e-07
0xc823ade6aca9b6b591f050400bdff9a891831c325f28cab849c8ae82aeab2d23,Canary,2302380000000,RequiredDVN,2.30238e-06
0xc823ade6aca9b6b591f050400bdff9a891831c325f28cab849c8ae82aeab2d23,P2P,2302380000000,RequiredDVN,2.30238e-06
0xc823ade6aca9b6b591f050400bdff9a891831c325f28cab849c8ae82aeab2d23,Deutsche Telekom,2302380000000,RequiredDVN,2.30238e-06
0xebeebb261f501d0a2093f6c6fcddb8ee5f2221060c5181fe89050a4632543dbb,Canary,2302152000000,RequiredDVN,2.302152e-06
0xebeebb261f501d0a2093f6c6fcddb8ee5f2221060c5181fe89050a4632543dbb,P2P,2302152000000,RequiredDVN,2.302152e-06
0xebeebb261f501d0a2093f6c6fcddb8ee5f2221060c5181fe89050a4632543dbb,Deutsche Telekom,2302152000000,RequiredDVN,2.302152e-06
0x0436d8dedd136d35dbfc561e073b1507bc69bab589b2a314713f66d6d5fcf99f,LayerZero Labs,11721192073441,RequiredDVN,1.1721192073441e-05
0x0436d8dedd136d35dbfc561e073b1507bc69bab589b2a314713f66d6d5fcf99f,Google Cloud,11721192073441,RequiredDVN,1.1721192073441e-05
0x18112e27712ad4cb939d12d42a4cb1d90875627b59eadcd6e6144ec6f3157dcc,Canary,2345400000000,RequiredDVN,2.3454e-06
0x18112e27712ad4cb939d12d42a4cb1d90875627b59eadcd6e6144ec6f3157dcc,P2P,2345400000000,RequiredDVN,2.3454e-06
0x18112e27712ad4cb939d12d42a4cb1d90875627b59eadcd6e6144ec6f3157dcc,Deutsche Telekom,2345400000000,RequiredDVN,2.3454e-06
0x3b4f2cde2b0ffa9a25c2c8d4f908d2c40f39b5303316c52c3ae102c158d45f4a,LayerZero Labs,6315995086539,RequiredDVN,6.315995086539e-06
0x3b4f2cde2b0ffa9a25c2c8d4f908d2c40f39b5303316c52c3ae102c158d45f4a,Google Cloud,6315995086539,RequiredDVN,6.315995086539e-06
0x9dca277de925905ef919847b38d337ab26220ebea75ab6349826514eb907e2da,LayerZero Labs,6315995086539,RequiredDVN,6.315995086539e-06
0x9dca277de925905ef919847b38d337ab26220ebea75ab6349826514eb907e2da,Google Cloud,6315995086539,RequiredDVN,6.315995086539e-06
0xb74fe300b9ae8e88ea42643a46d021ddb83c82db83d3424453819ac0f682e638,LayerZero Labs,19333914324446,RequiredDVN,1.9333914324446e-05
0xb74fe300b9ae8e88ea42643a46d021ddb83c82db83d3424453819ac0f682e638,Nethermind,19155430261060,RequiredDVN,1.915543026106e-05
0xb74fe300b9ae8e88ea42643a46d021ddb83c82db83d3424453819ac0f682e638,Google Cloud,19333914324446,RequiredDVN,1.9333914324446e-05
0x6db3cdf1b511ee615b88edecdb57ad3046c9e5695ceec888a603f30335dc598f,LayerZero Labs,16507618977267,RequiredDVN,1.6507618977267e-05
0x6db3cdf1b511ee615b88edecdb57ad3046c9e5695ceec888a603f30335dc598f,Nethermind,16355226302797,RequiredDVN,1.6355226302797e-05
0x6db3cdf1b511ee615b88edecdb57ad3046c9e5695ceec888a603f30335dc598f,Google Cloud,16507618977267,RequiredDVN,1.6507618977267e-05
0x29fbb42a52d2da2dea4d32d7dc6247948c54f3642d756c76bb729d88449a77fa,LayerZero Labs,16507618977267,RequiredDVN,1.6507618977267e-05
0x29fbb42a52d2da2dea4d32d7dc6247948c54f3642d756c76bb729d88449a77fa,Nethermind,16355226302797,RequiredDVN,1.6355226302797e-05
0x29fbb42a52d2da2dea4d32d7dc6247948c54f3642d756c76bb729d88449a77fa,Google Cloud,16507618977267,RequiredDVN,1.6507618977267e-05
0x30669fcea545c097a782d15143b911ffa5d512eb20ded2caa99d88e24696558e,Canary,2312520000000,RequiredDVN,2.31252e-06
0x30669fcea545c097a782d15143b911ffa5d512eb20ded2caa99d88e24696558e,P2P,2312520000000,RequiredDVN,2.31252e-06
0x30669fcea545c097a782d15143b911ffa5d512eb20ded2caa99d88e24696558e,Deutsche Telekom,2312520000000,RequiredDVN,2.31252e-06
0xff800a93b9efb229ee11631a7d92a1684b0922d71d6fa680406c9ec31f4591ee,Canary,2312520000000,RequiredDVN,2.31252e-06
0xff800a93b9efb229ee11631a7d92a1684b0922d71d6fa680406c9ec31f4591ee,P2P,2312520000000,RequiredDVN,2.31252e-06
0xff800a93b9efb229ee11631a7d92a1684b0922d71d6fa680406c9ec31f4591ee,Deutsche Telekom,2312520000000,RequiredDVN,2.31252e-06
0x76548c9a5792d105763ffe5600382b0cbca4d2cf5f5df25371fbf7212369ade6,Canary,428175772467,RequiredDVN,4.28175772467e-07
0x76548c9a5792d105763ffe5600382b0cbca4d2cf5f5df25371fbf7212369ade6,P2P,428175772467,RequiredDVN,4.28175772467e-07
0x76548c9a5792d105763ffe5600382b0cbca4d2cf5f5df25371fbf7212369ade6,Deutsche Telekom,428175772467,RequiredDVN,4.28175772467e-07
0xaecb1de27449644d9a805db0a4c0dca931adc1267057ae82014b5031e6ecc880,Canary,2302152000000,RequiredDVN,2.302152e-06
0xaecb1de27449644d9a805db0a4c0dca931adc1267057ae82014b5031e6ecc880,P2P,2302152000000,RequiredDVN,2.302152e-06
0xaecb1de27449644d9a805db0a4c0dca931adc1267057ae82014b5031e6ecc880,Deutsche Telekom,2302152000000,RequiredDVN,2.302152e-06
0xcabf83c339ddf5cb23724ea5945e7ffa0f90a20a86a4f3042e3a92b2720fccd0,Canary,2306616000000,RequiredDVN,2.306616e-06
0xcabf83c339ddf5cb23724ea5945e7ffa0f90a20a86a4f3042e3a92b2720fccd0,P2P,2306616000000,RequiredDVN,2.306616e-06
0xcabf83c339ddf5cb23724ea5945e7ffa0f90a20a86a4f3042e3a92b2720fccd0,Deutsche Telekom,2306616000000,RequiredDVN,2.306616e-06
0xe31d522404a5eb1f3d601b210e14f0a56fd1c3fa2e86ec3ca2274bb32b144d38,Canary,2311824000000,RequiredDVN,2.311824e-06
0xe31d522404a5eb1f3d601b210e14f0a56fd1c3fa2e86ec3ca2274bb32b144d38,P2P,2311824000000,RequiredDVN,2.311824e-06
0xe31d522404a5eb1f3d601b210e14f0a56fd1c3fa2e86ec3ca2274bb32b144d38,Deutsche Telekom,2311824000000,RequiredDVN,2.311824e-06
0x82e64843ed1f56cbbdb992198875c191f59b5d7a03e3272898c7a37633ce7e27,Canary,2345808000000,RequiredDVN,2.345808e-06
0x82e64843ed1f56cbbdb992198875c191f59b5d7a03e3272898c7a37633ce7e27,P2P,2345808000000,RequiredDVN,2.345808e-06
0x82e64843ed1f56cbbdb992198875c191f59b5d7a03e3272898c7a37633ce7e27,Deutsche Telekom,2345808000000,RequiredDVN,2.345808e-06
0x7b69d7058932f91649b2b5cfdeb79c9a3130cbe8531f6901d121290e683b7e84,Canary,2025875942454,RequiredDVN,2.025875942454e-06
0x7b69d7058932f91649b2b5cfdeb79c9a3130cbe8531f6901d121290e683b7e84,P2P,2025875942454,RequiredDVN,2.025875942454e-06
0x7b69d7058932f91649b2b5cfdeb79c9a3130cbe8531f6901d121290e683b7e84,Deutsche Telekom,2025875942454,RequiredDVN,2.025875942454e-06
0x6711fdf450d2caab8aef48e828aaa68a82d8ba52e2c775b6eb714cf1836df7ee,Canary,2371748940000,RequiredDVN,2.37174894e-06
0x6711fdf450d2caab8aef48e828aaa68a82d8ba52e2c775b6eb714cf1836df7ee,P2P,2371748940000,RequiredDVN,2.37174894e-06
0x6711fdf450d2caab8aef48e828aaa68a82d8ba52e2c775b6eb714cf1836df7ee,Deutsche Telekom,2371748940000,RequiredDVN,2.37174894e-06
0x7f73c966f21c31fa87833fb15e7788bf2db61e8d12904641973f5f567357940d,Canary,2301972000000,RequiredDVN,2.301972e-06
0x7f73c966f21c31fa87833fb15e7788bf2db61e8d12904641973f5f567357940d,P2P,2301972000000,RequiredDVN,2.301972e-06
0x7f73c966f21c31fa87833fb15e7788bf2db61e8d12904641973f5f567357940d,Deutsche Telekom,2301972000000,RequiredDVN,2.301972e-06
0x6e13529759593fa9e144ea1c10542584bbf92ee27a5e3ef06ce5b9047444fe51,LayerZero Labs,310484038659438,RequiredDVN,0.000310484038659438
0x6e13529759593fa9e144ea1c10542584bbf92ee27a5e3ef06ce5b9047444fe51,Google Cloud,310484038659438,RequiredDVN,0.000310484038659438
0x071b453da4e4ec34672acc97cc8e169570d69b657779b565de2f84f42c6dd5c5,Canary,7534304048400,RequiredDVN,7.5343040484e-06
0x071b453da4e4ec34672acc97cc8e169570d69b657779b565de2f84f42c6dd5c5,P2P,7534304048400,RequiredDVN,7.5343040484e-06
0x071b453da4e4ec34672acc97cc8e169570d69b657779b565de2f84f42c6dd5c5,Deutsche Telekom,7534304048400,RequiredDVN,7.5343040484e-06
0x2d56e6a0085fe4c367d13a20d22170ebd67c919fe926575988cbef8957b9f700,Canary,3949202304000,RequiredDVN,3.949202304e-06
0x2d56e6a0085fe4c367d13a20d22170ebd67c919fe926575988cbef8957b9f700,P2P,3949202304000,RequiredDVN,3.949202304e-06
0x2d56e6a0085fe4c367d13a20d22170ebd67c919fe926575988cbef8957b9f700,Deutsche Telekom,3949202304000,RequiredDVN,3.949202304e-06
0x42e5ae4a94e5e0f6932b00246725db7edfa17c25365f508f89edffd9e95c4ac6,Canary,6831686707200,RequiredDVN,6.8316867072e-06
0x42e5ae4a94e5e0f6932b00246725db7edfa17c25365f508f89edffd9e95c4ac6,P2P,6831686707200,RequiredDVN,6.8316867072e-06
0x42e5ae4a94e5e0f6932b00246725db7edfa17c25365f508f89edffd9e95c4ac6,Deutsche Telekom,6831686707200,RequiredDVN,6.8316867072e-06
0xfd35c078d6c46db2c4afea25ec79ee0e8782640f7d7b096b2c7d189630e878b4,Canary,10923569604000,RequiredDVN,1.0923569604e-05
0xfd35c078d6c46db2c4afea25ec79ee0e8782640f7d7b096b2c7d189630e878b4,P2P,10923569604000,RequiredDVN,1.0923569604e-05
0xfd35c078d6c46db2c4afea25ec79ee0e8782640f7d7b096b2c7d189630e878b4,Deutsche Telekom,10923569604000,RequiredDVN,1.0923569604e-05
0x3ed66124358148ac95647b5584949642afd142776c87d5f9305a5896b7adc315,Canary,12505507608000,RequiredDVN,1.2505507608e-05
0x3ed66124358148ac95647b5584949642afd142776c87d5f9305a5896b7adc315,P2P,12505507608000,RequiredDVN,1.2505507608e-05
0x3ed66124358148ac95647b5584949642afd142776c87d5f9305a5896b7adc315,Deutsche Telekom,12505507608000,RequiredDVN,1.2505507608e-05
0xdc9ee8dfe871962319fa0c7dfd2b216d1e3606b274209c7918c18451e9adf3f3,LayerZero Labs,11506823123342,RequiredDVN,1.1506823123342e-05
0xdc9ee8dfe871962319fa0c7dfd2b216d1e3606b274209c7918c18451e9adf3f3,Nethermind,11400596080372,RequiredDVN,1.1400596080372e-05
0xdc9ee8dfe871962319fa0c7dfd2b216d1e3606b274209c7918c18451e9adf3f3,Google Cloud,11506823123342,RequiredDVN,1.1506823123342e-05
0x5ec56d3469cbe2c24abd1a06d7c1c671b895f925abce0d0e2727abd788089c7b,Canary,2361096000000,RequiredDVN,2.361096e-06
0x5ec56d3469cbe2c24abd1a06d7c1c671b895f925abce0d0e2727abd788089c7b,P2P,2361096000000,RequiredDVN,2.361096e-06
0x5ec56d3469cbe2c24abd1a06d7c1c671b895f925abce0d0e2727abd788089c7b,Deutsche Telekom,2361096000000,RequiredDVN,2.361096e-06
0x08e35346731fdef2843421a95d49a25715925922d8d6059ff4b710a473cb4fb0,Canary,2361096000000,RequiredDVN,2.361096e-06
0x08e35346731fdef2843421a95d49a25715925922d8d6059ff4b710a473cb4fb0,P2P,2361096000000,RequiredDVN,2.361096e-06
0x08e35346731fdef2843421a95d49a25715925922d8d6059ff4b710a473cb4fb0,Deutsche Telekom,2361096000000,RequiredDVN,2.361096e-06
0x78bf113c9ff28d4306a17b22a770137d5ddf5de6ff98ad7f6a8e713aec8e9d67,LayerZero Labs,11506823123342,RequiredDVN,1.1506823123342e-05
0x78bf113c9ff28d4306a17b22a770137d5ddf5de6ff98ad7f6a8e713aec8e9d67,Google Cloud,11506823123342,RequiredDVN,1.1506823123342e-05
0x093ce567652b0a5f403a1c684d345b014e58a73709802a93583df933f3e7dbbc,Canary,2322744000000,RequiredDVN,2.322744e-06
0x093ce567652b0a5f403a1c684d345b014e58a73709802a93583df933f3e7dbbc,P2P,2322744000000,RequiredDVN,2.322744e-06
0x093ce567652b0a5f403a1c684d345b014e58a73709802a93583df933f3e7dbbc,Deutsche Telekom,2322744000000,RequiredDVN,2.322744e-06
0x194440699e158ef6cf3c377644048a7033e6c7c5da74a18bc2acc4eead07732f,Canary,2322744000000,RequiredDVN,2.322744e-06
0x194440699e158ef6cf3c377644048a7033e6c7c5da74a18bc2acc4eead07732f,P2P,2322744000000,RequiredDVN,2.322744e-06
0x194440699e158ef6cf3c377644048a7033e6c7c5da74a18bc2acc4eead07732f,Deutsche Telekom,2322744000000,RequiredDVN,2.322744e-06
0x65f5ca900087354415140562f3c381d9868830ce1f4d080b5d2e255b371c2ec8,Canary,2322744000000,RequiredDVN,2.322744e-06
0x65f5ca900087354415140562f3c381d9868830ce1f4d080b5d2e255b371c2ec8,P2P,2322744000000,RequiredDVN,2.322744e-06
0x65f5ca900087354415140562f3c381d9868830ce1f4d080b5d2e255b371c2ec8,Deutsche Telekom,2322744000000,RequiredDVN,2.322744e-06
0x90f819b9a0d64a6e314b4a951591989ee66349afbba2cce4fef1b30a613bcf28,Canary,2306940000000,RequiredDVN,2.30694e-06
0x90f819b9a0d64a6e314b4a951591989ee66349afbba2cce4fef1b30a613bcf28,P2P,2306940000000,RequiredDVN,2.30694e-06
0x90f819b9a0d64a6e314b4a951591989ee66349afbba2cce4fef1b30a613bcf28,Deutsche Telekom,2306940000000,RequiredDVN,2.30694e-06
0xae2b7931d0724466fe4baf785f4be34e968bd443dcff0d8cdf241e254361df24,Canary,2300760000000,RequiredDVN,2.30076e-06
0xae2b7931d0724466fe4baf785f4be34e968bd443dcff0d8cdf241e254361df24,P2P,2300760000000,RequiredDVN,2.30076e-06
0xae2b7931d0724466fe4baf785f4be34e968bd443dcff0d8cdf241e254361df24,Deutsche Telekom,2300760000000,RequiredDVN,2.30076e-06
0xe92781bb0240c7d808beba9ca522c8e330c9820b357e693c273690e7729333f0,LayerZero Labs,106708976876854,RequiredDVN,0.000106708976876854
0xe92781bb0240c7d808beba9ca522c8e330c9820b357e693c273690e7729333f0,Nethermind,105723876215235,RequiredDVN,0.000105723876215235
0xe92781bb0240c7d808beba9ca522c8e330c9820b357e693c273690e7729333f0,Google Cloud,106708976876854,RequiredDVN,0.000106708976876854
0xfdbcde3803eff02e7d0a162d13e2eee3646368754b460921dda9a6510554e4bd,Canary,2374348800000,RequiredDVN,2.3743488e-06
0xfdbcde3803eff02e7d0a162d13e2eee3646368754b460921dda9a6510554e4bd,P2P,2374348800000,RequiredDVN,2.3743488e-06
0xfdbcde3803eff02e7d0a162d13e2eee3646368754b460921dda9a6510554e4bd,Deutsche Telekom,2374348800000,RequiredDVN,2.3743488e-06
0x1cb2da5030c312d17fa2fbc6e1c2bdcb0de5b13c2b1df7e0a280ded874a5e703,Canary,4572715014000,RequiredDVN,4.572715014e-06
0x1cb2da5030c312d17fa2fbc6e1c2bdcb0de5b13c2b1df7e0a280ded874a5e703,P2P,4572715014000,RequiredDVN,4.572715014e-06
0x1cb2da5030c312d17fa2fbc6e1c2bdcb0de5b13c2b1df7e0a280ded874a5e703,Deutsche Telekom,4572715014000,RequiredDVN,4.572715014e-06
0x2832033bb13adf8cf7ac762dc014b846807a04e8d7265c4f1e810ccc2a169f5d,LayerZero Labs,39657565341231,RequiredDVN,3.9657565341231e-05
0x2832033bb13adf8cf7ac762dc014b846807a04e8d7265c4f1e810ccc2a169f5d,Nethermind,39291460304905,RequiredDVN,3.9291460304905e-05
0x2832033bb13adf8cf7ac762dc014b846807a04e8d7265c4f1e810ccc2a169f5d,Google Cloud,39657565341231,RequiredDVN,3.9657565341231e-05
0xee674ea24587e6864e1e4bfc2ce49f809d55d2d51ffe437056ae301a793bf3d6,Canary,2941259126400,RequiredDVN,2.9412591264e-06
0xee674ea24587e6864e1e4bfc2ce49f809d55d2d51ffe437056ae301a793bf3d6,P2P,2941259126400,RequiredDVN,2.9412591264e-06
0xee674ea24587e6864e1e4bfc2ce49f809d55d2d51ffe437056ae301a793bf3d6,Deutsche Telekom,2941259126400,RequiredDVN,2.9412591264e-06
0xfd2639ba19e1e4ffd5fe3de6148e445e9f71d531328b0a9ee15481d05506b960,LayerZero Labs,131146929308892,RequiredDVN,0.000131146929308892
0xfd2639ba19e1e4ffd5fe3de6148e445e9f71d531328b0a9ee15481d05506b960,Nethermind,129936225855324,RequiredDVN,0.000129936225855324
0xfd2639ba19e1e4ffd5fe3de6148e445e9f71d531328b0a9ee15481d05506b960,Google Cloud,131146929308892,RequiredDVN,0.000131146929308892
0x623981ab19e2ef295f3baad9dfee2e055541053ffa19c6e6b75548e0568294c8,LayerZero Labs,33328096619798,RequiredDVN,3.3328096619798e-05
0x623981ab19e2ef295f3baad9dfee2e055541053ffa19c6e6b75548e0568294c8,Google Cloud,33328096619798,RequiredDVN,3.3328096619798e-05
0xa2e01c02ee9e407ae538bee2596a67519cb0159b8d6daf943c72f02ceb693626,Canary,3270530790000,RequiredDVN,3.27053079e-06
0xa2e01c02ee9e407ae538bee2596a67519cb0159b8d6daf943c72f02ceb693626,P2P,3270530790000,RequiredDVN,3.27053079e-06
0xa2e01c02ee9e407ae538bee2596a67519cb0159b8d6daf943c72f02ceb693626,Deutsche Telekom,3270530790000,RequiredDVN,3.27053079e-06
0xca3661f9b810cda5f3cedb4d0ed7cd92f6abb350035fc6d3d250079fad0b89b7,Canary,3270530790000,RequiredDVN,3.27053079e-06
0xca3661f9b810cda5f3cedb4d0ed7cd92f6abb350035fc6d3d250079fad0b89b7,P2P,3270530790000,RequiredDVN,3.27053079e-06
0xca3661f9b810cda5f3cedb4d0ed7cd92f6abb350035fc6d3d250079fad0b89b7,Deutsche Telekom,3270530790000,RequiredDVN,3.27053079e-06
0xdeab6932fd90943770da03ceabad3ce044721302101aa8d2b6f49d44c01eca52,Canary,2339535748608,RequiredDVN,2.339535748608e-06
0xdeab6932fd90943770da03ceabad3ce044721302101aa8d2b6f49d44c01eca52,P2P,2339535748608,RequiredDVN,2.339535748608e-06
0xdeab6932fd90943770da03ceabad3ce044721302101aa8d2b6f49d44c01eca52,Deutsche Telekom,2339535748608,RequiredDVN,2.339535748608e-06
0x4bcc3ddd3a08f061349a3817f99db8d5f142caefa64e3194f7c743c0ebcbf853,Canary,2371988934000,RequiredDVN,2.371988934e-06
0x4bcc3ddd3a08f061349a3817f99db8d5f142caefa64e3194f7c743c0ebcbf853,P2P,2371988934000,RequiredDVN,2.371988934e-06
0x4bcc3ddd3a08f061349a3817f99db8d5f142caefa64e3194f7c743c0ebcbf853,Deutsche Telekom,2371988934000,RequiredDVN,2.371988934e-06
0x3ce7d05f6b1b389ab7da701602931fd93fbf5f8d68927f94a321c6defb50149e,Canary,2371988934000,RequiredDVN,2.371988934e-06
0x3ce7d05f6b1b389ab7da701602931fd93fbf5f8d68927f94a321c6defb50149e,P2P,2371988934000,RequiredDVN,2.371988934e-06
0x3ce7d05f6b1b389ab7da701602931fd93fbf5f8d68927f94a321c6defb50149e,Deutsche Telekom,2371988934000,RequiredDVN,2.371988934e-06
0x164930a9115662c3310a7766e25240279fabd64d4958d55a50f8ebc3a27941c8,Canary,4732724797200,RequiredDVN,4.7327247972e-06
0x164930a9115662c3310a7766e25240279fabd64d4958d55a50f8ebc3a27941c8,P2P,4732724797200,RequiredDVN,4.7327247972e-06
0x164930a9115662c3310a7766e25240279fabd64d4958d55a50f8ebc3a27941c8,Deutsche Telekom,4732724797200,RequiredDVN,4.7327247972e-06
0x7a0d97473b573e60be194b39290008044a06d54b65a46bf641c40fe2f9fdb47e,Canary,3941345484000,RequiredDVN,3.941345484e-06
0x7a0d97473b573e60be194b39290008044a06d54b65a46bf641c40fe2f9fdb47e,P2P,3941345484000,RequiredDVN,3.941345484e-06
0x7a0d97473b573e60be194b39290008044a06d54b65a46bf641c40fe2f9fdb47e,Deutsche Telekom,3941345484000,RequiredDVN,3.941345484e-06
0xafa04e776c5694b2dc0c912bb815e1f07bf0985df0ae365e9336ea53baa1fbe3,LayerZero Labs,127245636167865,RequiredDVN,0.000127245636167865
0xafa04e776c5694b2dc0c912bb815e1f07bf0985df0ae365e9336ea53baa1fbe3,Google Cloud,127245636167865,RequiredDVN,0.000127245636167865
0xbc8008e9258cc54b462a2b48c330fb1d8145b44846d93d9a2348067b2755f493,LayerZero Labs,127245636167865,RequiredDVN,0.000127245636167865
0xbc8008e9258cc54b462a2b48c330fb1d8145b44846d93d9a2348067b2755f493,Google Cloud,127245636167865,RequiredDVN,0.000127245636167865
0x204f258cc6dbf47324c3324e42a68ed5c61760f733fad2917fcab1750bebf200,LayerZero Labs,127245636167865,RequiredDVN,0.000127245636167865
0x204f258cc6dbf47324c3324e42a68ed5c61760f733fad2917fcab1750bebf200,Google Cloud,127245636167865,RequiredDVN,0.000127245636167865
0x68876c93f98fa69bed85599524ab61d71dcf482903c94da5e4b8997f16c82d0f,Canary,7230828780000,RequiredDVN,7.23082878e-06
0x68876c93f98fa69bed85599524ab61d71dcf482903c94da5e4b8997f16c82d0f,P2P,7230828780000,RequiredDVN,7.23082878e-06
0x68876c93f98fa69bed85599524ab61d71dcf482903c94da5e4b8997f16c82d0f,Deutsche Telekom,7230828780000,RequiredDVN,7.23082878e-06
0x5ddbd1d236f718561c91468d83e6e3a759c449e159dd31508e4565ca88beb101,Canary,10473766986000,RequiredDVN,1.0473766986e-05
0x5ddbd1d236f718561c91468d83e6e3a759c449e159dd31508e4565ca88beb101,P2P,10473766986000,RequiredDVN,1.0473766986e-05
0x5ddbd1d236f718561c91468d83e6e3a759c449e159dd31508e4565ca88beb101,Deutsche Telekom,10473766986000,RequiredDVN,1.0473766986e-05
0x2724be8913420651f09b669e32222a02a3ca2518c64eaf148c229a2f2363c3f8,LayerZero Labs,127245636167865,RequiredDVN,0.000127245636167865
0x2724be8913420651f09b669e32222a02a3ca2518c64eaf148c229a2f2363c3f8,Google Cloud,127245636167865,RequiredDVN,0.000127245636167865
0x1cf4cc97e1d359d8772250e515f41aeebbbce697860e3eb745d01f39de7fa2c1,LayerZero Labs,234970500534957,RequiredDVN,0.000234970500534957
0x1cf4cc97e1d359d8772250e515f41aeebbbce697860e3eb745d01f39de7fa2c1,Google Cloud,234970500534957,RequiredDVN,0.000234970500534957
0x73a0b430920a7ece6c8f0a5922f838ca657053a8f32534d93c63331c66aef6b2,LayerZero Labs,53996256843832,RequiredDVN,5.3996256843832e-05
0x73a0b430920a7ece6c8f0a5922f838ca657053a8f32534d93c63331c66aef6b2,Google Cloud,53996256843832,RequiredDVN,5.3996256843832e-05
0x34c73c3c287fe7c5861468ee6741f06735c47735d2844c64d639c75f98a7f4f8,LayerZero Labs,14246119596282,RequiredDVN,1.4246119596282e-05
0x34c73c3c287fe7c5861468ee6741f06735c47735d2844c64d639c75f98a7f4f8,Google Cloud,14246119596282,RequiredDVN,1.4246119596282e-05
0xf353ace68c05ac49b64d693d135c25b675419fdf569163a00e53102981afbc99,LayerZero Labs,14246119596282,RequiredDVN,1.4246119596282e-05
0xf353ace68c05ac49b64d693d135c25b675419fdf569163a00e53102981afbc99,Google Cloud,14246119596282,RequiredDVN,1.4246119596282e-05
0xf5db336a557a7464918d92ea049b910adba831d43a868f0c7d5f0038a941d202,LayerZero Labs,14246119596282,RequiredDVN,1.4246119596282e-05
0xf5db336a557a7464918d92ea049b910adba831d43a868f0c7d5f0038a941d202,Google Cloud,14246119596282,RequiredDVN,1.4246119596282e-05
0x63dde1c567c02df6ece26326e32c51fde160f11ef9d0ed8663764cad344404e2,LayerZero Labs,43458117192252,RequiredDVN,4.3458117192252e-05
0x63dde1c567c02df6ece26326e32c51fde160f11ef9d0ed8663764cad344404e2,Google Cloud,43458117192252,RequiredDVN,4.3458117192252e-05
0x66984f49343b361c759fba0dd3232b61300dfe65b0257c467a0525debca91d3f,Canary,111415229455,RequiredDVN,1.11415229455e-07
0x66984f49343b361c759fba0dd3232b61300dfe65b0257c467a0525debca91d3f,P2P,111415229455,RequiredDVN,1.11415229455e-07
0x66984f49343b361c759fba0dd3232b61300dfe65b0257c467a0525debca91d3f,Deutsche Telekom,111415229455,RequiredDVN,1.11415229455e-07
0x562700e77b08eb4288dd2ec733dbd970d298dfc6d143b13c525ea6251e406190,Canary,17551362268800,RequiredDVN,1.75513622688e-05
0x562700e77b08eb4288dd2ec733dbd970d298dfc6d143b13c525ea6251e406190,P2P,17551362268800,RequiredDVN,1.75513622688e-05
0x562700e77b08eb4288dd2ec733dbd970d298dfc6d143b13c525ea6251e406190,Deutsche Telekom,17551362268800,RequiredDVN,1.75513622688e-05
0x19d453f2e2e712be4e1bd050d44f1c13faf4ecfd98dc40a936f0fc1261fa7015,LayerZero Labs,9619345037072,RequiredDVN,9.619345037072e-06
0x19d453f2e2e712be4e1bd050d44f1c13faf4ecfd98dc40a936f0fc1261fa7015,Google Cloud,9619345037072,RequiredDVN,9.619345037072e-06
0x92f7d54be016f85efccdcfffa225d4b5a939ad820351eb4a98f9ebf2ff396b3c,LayerZero Labs,9619345037072,RequiredDVN,9.619345037072e-06
0x92f7d54be016f85efccdcfffa225d4b5a939ad820351eb4a98f9ebf2ff396b3c,Google Cloud,9619345037072,RequiredDVN,9.619345037072e-06
0xd67572e719177bdd5e9c9873d15f48e29da832f773478001031ab6a6806aa66e,LayerZero Labs,9619345037072,RequiredDVN,9.619345037072e-06
0xd67572e719177bdd5e9c9873d15f48e29da832f773478001031ab6a6806aa66e,Google Cloud,9619345037072,RequiredDVN,9.619345037072e-06
0x517ebfd56b1d516aa784db3f12322fb1f71e68579abed54377272ac8a11cf986,LayerZero Labs,9619345037072,RequiredDVN,9.619345037072e-06
0x517ebfd56b1d516aa784db3f12322fb1f71e68579abed54377272ac8a11cf986,Google Cloud,9619345037072,RequiredDVN,9.619345037072e-06
0x534c3712afbc5140b3b569fb3c34ca476678cbad5d9cf0468e44a0ac3a8bdc7f,LayerZero Labs,9619345037072,RequiredDVN,9.619345037072e-06
0x534c3712afbc5140b3b569fb3c34ca476678cbad5d9cf0468e44a0ac3a8bdc7f,Nethermind,9530542544182,RequiredDVN,9.530542544182e-06
0x534c3712afbc5140b3b569fb3c34ca476678cbad5d9cf0468e44a0ac3a8bdc7f,Google Cloud,9619345037072,RequiredDVN,9.619345037072e-06
0x03f9079064b73cfd1796108199ff36ef520451e479fd1b81312e7490dbea7d24,LayerZero Labs,92175830055758,RequiredDVN,9.2175830055758e-05
0x03f9079064b73cfd1796108199ff36ef520451e479fd1b81312e7490dbea7d24,Google Cloud,92175830055758,RequiredDVN,9.2175830055758e-05
0x35e5981600e9a05572a091b9d5df2d52f464d1c588ba384705082153c65601ba,LayerZero Labs,17378582039406,RequiredDVN,1.7378582039406e-05
0x35e5981600e9a05572a091b9d5df2d52f464d1c588ba384705082153c65601ba,Google Cloud,17378582039406,RequiredDVN,1.7378582039406e-05
0x34f2d21c61557b177076ff2551abce3a99f6fd26f5aab81b6f1e6a40f7f2f6c4,Canary,109217768263,RequiredDVN,1.09217768263e-07
0x34f2d21c61557b177076ff2551abce3a99f6fd26f5aab81b6f1e6a40f7f2f6c4,P2P,109217768263,RequiredDVN,1.09217768263e-07
0x34f2d21c61557b177076ff2551abce3a99f6fd26f5aab81b6f1e6a40f7f2f6c4,Deutsche Telekom,109217768263,RequiredDVN,1.09217768263e-07
0x33e52c70afe9f79bd38543ed060717461ceaba574ea6ef595597ee9c868d4d8d,Canary,11842624836000,RequiredDVN,1.1842624836e-05
0x33e52c70afe9f79bd38543ed060717461ceaba574ea6ef595597ee9c868d4d8d,P2P,11842624836000,RequiredDVN,1.1842624836e-05
0x33e52c70afe9f79bd38543ed060717461ceaba574ea6ef595597ee9c868d4d8d,Deutsche Telekom,11842624836000,RequiredDVN,1.1842624836e-05
0xcc36ebec076b34c1bc74aa11c35534d97accbce6947b8e3c67d23cc30df1bc8f,Canary,2412108000000,RequiredDVN,2.412108e-06
0xcc36ebec076b34c1bc74aa11c35534d97accbce6947b8e3c67d23cc30df1bc8f,P2P,2412108000000,RequiredDVN,2.412108e-06
0xcc36ebec076b34c1bc74aa11c35534d97accbce6947b8e3c67d23cc30df1bc8f,Deutsche Telekom,2412108000000,RequiredDVN,2.412108e-06
0x255feb4116a179c3ce704d3d820cbcfec2422542e2631748186ac82fd1f00d07,LayerZero Labs,11292136737529,RequiredDVN,1.1292136737529e-05
0x255feb4116a179c3ce704d3d820cbcfec2422542e2631748186ac82fd1f00d07,Google Cloud,11292136737529,RequiredDVN,1.1292136737529e-05
0x19871c50101708c1045a55d597cabc5bc75cb2495f53898983d12d431739e674,LayerZero Labs,11292136737529,RequiredDVN,1.1292136737529e-05
0x19871c50101708c1045a55d597cabc5bc75cb2495f53898983d12d431739e674,Google Cloud,11292136737529,RequiredDVN,1.1292136737529e-05
0x8d711e53eac46b64aeb76968b690963223377cb453f993f587fc64b4dfd197e9,LayerZero Labs,35643997529044,RequiredDVN,3.5643997529044e-05
0x8d711e53eac46b64aeb76968b690963223377cb453f993f587fc64b4dfd197e9,Google Cloud,35643997529044,RequiredDVN,3.5643997529044e-05
0xea3964c7bcbf387aec32d83ab3cfa958f2e6c85479c5e5fb8fb7dc40560ef4ab,LayerZero Labs,35643997529044,RequiredDVN,3.5643997529044e-05
0xea3964c7bcbf387aec32d83ab3cfa958f2e6c85479c5e5fb8fb7dc40560ef4ab,Google Cloud,35643997529044,RequiredDVN,3.5643997529044e-05
0x4e4662cc4821fcb084ca5a97fe2c20446b7c7406a83f4861eea59c840a75c9f4,LayerZero Labs,35643997529044,RequiredDVN,3.5643997529044e-05
0x4e4662cc4821fcb084ca5a97fe2c20446b7c7406a83f4861eea59c840a75c9f4,Google Cloud,35643997529044,RequiredDVN,3.5643997529044e-05
0xf424964c66dadf5bb1af077039982f2832c8b904ccbc13912998832a3b3719b5,LayerZero Labs,35643997529044,RequiredDVN,3.5643997529044e-05
0xf424964c66dadf5bb1af077039982f2832c8b904ccbc13912998832a3b3719b5,Google Cloud,35643997529044,RequiredDVN,3.5643997529044e-05
0xa7c9eb9bb1defc13a4120330624a9f96e3a25ab524e87ffb366245a8c18ecd15,Canary,15971080377600,RequiredDVN,1.59710803776e-05
0xa7c9eb9bb1defc13a4120330624a9f96e3a25ab524e87ffb366245a8c18ecd15,P2P,15971080377600,RequiredDVN,1.59710803776e-05
0xa7c9eb9bb1defc13a4120330624a9f96e3a25ab524e87ffb366245a8c18ecd15,Deutsche Telekom,15971080377600,RequiredDVN,1.59710803776e-05
0xa2f492c15bda79b0ab86facbaac6519d9b472e88e84e4d2e15e21a602224aac3,LayerZero Labs,11031551540847,RequiredDVN,1.1031551540847e-05
0xa2f492c15bda79b0ab86facbaac6519d9b472e88e84e4d2e15e21a602224aac3,Nethermind,10929712042057,RequiredDVN,1.0929712042057e-05
0xa2f492c15bda79b0ab86facbaac6519d9b472e88e84e4d2e15e21a602224aac3,Google Cloud,11031551540847,RequiredDVN,1.1031551540847e-05
0x612d4cdf3e3aa9e6b81e603299623a1bc924ac992856d40f0b45c69cd2fd9d62,LayerZero Labs,11031551540847,RequiredDVN,1.1031551540847e-05
0x612d4cdf3e3aa9e6b81e603299623a1bc924ac992856d40f0b45c69cd2fd9d62,Google Cloud,11031551540847,RequiredDVN,1.1031551540847e-05
0x94bc28127047662b7df08d68f031b78e34a270475609623c1bcedcc6b0580fa4,Canary,2313084000000,RequiredDVN,2.313084e-06
0x94bc28127047662b7df08d68f031b78e34a270475609623c1bcedcc6b0580fa4,P2P,2313084000000,RequiredDVN,2.313084e-06
0x94bc28127047662b7df08d68f031b78e34a270475609623c1bcedcc6b0580fa4,Deutsche Telekom,2313084000000,RequiredDVN,2.313084e-06
0xdab7a8bc0b9438918434ab18f972b0d150ecafad75df3c2606307972ace42377,LayerZero Labs,11031551540847,RequiredDVN,1.1031551540847e-05
0xdab7a8bc0b9438918434ab18f972b0d150ecafad75df3c2606307972ace42377,Google Cloud,11031551540847,RequiredDVN,1.1031551540847e-05
0xb2688bc31237c027301b8ea1e69759f641904bb77afe2bdcd83145cd35404882,LayerZero Labs,11031551540847,RequiredDVN,1.1031551540847e-05
0xb2688bc31237c027301b8ea1e69759f641904bb77afe2bdcd83145cd35404882,Google Cloud,11031551540847,RequiredDVN,1.1031551540847e-05
0x2b071a4b48b78728c2a79a8c89e3fc185312b1940a3bf3d3c2748ccf36e36c51,LayerZero Labs,11031551540847,RequiredDVN,1.1031551540847e-05
0x2b071a4b48b78728c2a79a8c89e3fc185312b1940a3bf3d3c2748ccf36e36c51,Google Cloud,11031551540847,RequiredDVN,1.1031551540847e-05
0xb3a69ef5af3c1d0b33a613e72bfca8b3b22147772ae58ed7ed8195e3d3eacec2,LayerZero Labs,11031551540847,RequiredDVN,1.1031551540847e-05
0xb3a69ef5af3c1d0b33a613e72bfca8b3b22147772ae58ed7ed8195e3d3eacec2,Google Cloud,11031551540847,RequiredDVN,1.1031551540847e-05
0x86918771be8ee42855cf92b1894e6c4f8628fba4b06d6d717259a65110c46871,LayerZero Labs,11031551540847,RequiredDVN,1.1031551540847e-05
0x86918771be8ee42855cf92b1894e6c4f8628fba4b06d6d717259a65110c46871,Google Cloud,11031551540847,RequiredDVN,1.1031551540847e-05
0x425471fde85e55c058bcaca1f1c8646d595d16d53a3928f58922c9511bb91b1b,LayerZero Labs,11031551540847,RequiredDVN,1.1031551540847e-05
0x425471fde85e55c058bcaca1f1c8646d595d16d53a3928f58922c9511bb91b1b,Google Cloud,11031551540847,RequiredDVN,1.1031551540847e-05
0xa754833201eda6c3146e5f7f00c45f4dff21243d47c52b622097f4d0ad7c599d,Canary,2306724000000,RequiredDVN,2.306724e-06
0xa754833201eda6c3146e5f7f00c45f4dff21243d47c52b622097f4d0ad7c599d,P2P,2306724000000,RequiredDVN,2.306724e-06
0xa754833201eda6c3146e5f7f00c45f4dff21243d47c52b622097f4d0ad7c599d,Deutsche Telekom,2306724000000,RequiredDVN,2.306724e-06
0x2cb5f46686f485c011b835720529d7c231e03daa67b2aca9696cf3766d66e980,LayerZero Labs,11031551540847,RequiredDVN,1.1031551540847e-05
0x2cb5f46686f485c011b835720529d7c231e03daa67b2aca9696cf3766d66e980,Google Cloud,11031551540847,RequiredDVN,1.1031551540847e-05
0x410f06daf7b57e3a903cd40ddcadef6c68174cb958ac8d4cccbbb5ad0c7b0b69,Canary,2383392000000,RequiredDVN,2.383392e-06
0x410f06daf7b57e3a903cd40ddcadef6c68174cb958ac8d4cccbbb5ad0c7b0b69,P2P,2383392000000,RequiredDVN,2.383392e-06
0x410f06daf7b57e3a903cd40ddcadef6c68174cb958ac8d4cccbbb5ad0c7b0b69,Deutsche Telekom,2383392000000,RequiredDVN,2.383392e-06
0xd4f1ef6a92a5542342204cb50d01f65b9d15fe756f1b1a8594a837ade4960849,LayerZero Labs,10539210320142,RequiredDVN,1.0539210320142e-05
0xd4f1ef6a92a5542342204cb50d01f65b9d15fe756f1b1a8594a837ade4960849,Google Cloud,10539210320142,RequiredDVN,1.0539210320142e-05
0x12e87eba0e123a877f0f1ec59bd01fad550d33927f5b7c2c2bb94360063a2551,Canary,2313372000000,RequiredDVN,2.313372e-06
0x12e87eba0e123a877f0f1ec59bd01fad550d33927f5b7c2c2bb94360063a2551,P2P,2313372000000,RequiredDVN,2.313372e-06
0x12e87eba0e123a877f0f1ec59bd01fad550d33927f5b7c2c2bb94360063a2551,Deutsche Telekom,2313372000000,RequiredDVN,2.313372e-06
0x9d39d76650af5007a915fce1e84a21a26f0a3091f755724d56a4ea3c9b57dd54,Canary,117173976559,RequiredDVN,1.17173976559e-07
0x9d39d76650af5007a915fce1e84a21a26f0a3091f755724d56a4ea3c9b57dd54,P2P,117173976559,RequiredDVN,1.17173976559e-07
0x9d39d76650af5007a915fce1e84a21a26f0a3091f755724d56a4ea3c9b57dd54,Deutsche Telekom,117173976559,RequiredDVN,1.17173976559e-07
0x946488e39e12e3a2c607bcb7fe8a00c57e64fa740567c27d51777abdcbe6d5d1,LayerZero Labs,102173949013399,RequiredDVN,0.000102173949013399
0x946488e39e12e3a2c607bcb7fe8a00c57e64fa740567c27d51777abdcbe6d5d1,Google Cloud,102173949013399,RequiredDVN,0.000102173949013399
0xb68587d82d7ad523023e96b0d8736ae0864d6b406d055321e510b65dd5daea0b,LayerZero Labs,31915159594592,RequiredDVN,3.1915159594592e-05
0xb68587d82d7ad523023e96b0d8736ae0864d6b406d055321e510b65dd5daea0b,Nethermind,31620529791622,RequiredDVN,3.1620529791622e-05
0xb68587d82d7ad523023e96b0d8736ae0864d6b406d055321e510b65dd5daea0b,Google Cloud,31915159594592,RequiredDVN,3.1915159594592e-05
0x7ad03effcf0aa1d02676c7d22fead8e3c357d1dfb1095787db022a362ecbe844,Canary,2334504000000,RequiredDVN,2.334504e-06
0x7ad03effcf0aa1d02676c7d22fead8e3c357d1dfb1095787db022a362ecbe844,P2P,2334504000000,RequiredDVN,2.334504e-06
0x7ad03effcf0aa1d02676c7d22fead8e3c357d1dfb1095787db022a362ecbe844,Deutsche Telekom,2334504000000,RequiredDVN,2.334504e-06
0xa68b602c695ca30a74e2eb8feee4182fd0f90aba0ec1d45d98285c0e15545b65,LayerZero Labs,31243618750276,RequiredDVN,3.1243618750276e-05
0xa68b602c695ca30a74e2eb8feee4182fd0f90aba0ec1d45d98285c0e15545b65,Google Cloud,31243618750276,RequiredDVN,3.1243618750276e-05
0xe0890d8e4122fb6d07b46be3b2a8351f78f54c4455678edb844db4ebd723d687,LayerZero Labs,31243618750276,RequiredDVN,3.1243618750276e-05
0xe0890d8e4122fb6d07b46be3b2a8351f78f54c4455678edb844db4ebd723d687,Google Cloud,31243618750276,RequiredDVN,3.1243618750276e-05
0xa20176c41bab99775c274b72d27677a8ceb43f96f35d80e0b3ac760b12f66733,LayerZero Labs,94868114421687,RequiredDVN,9.4868114421687e-05
0xa20176c41bab99775c274b72d27677a8ceb43f96f35d80e0b3ac760b12f66733,Google Cloud,94868114421687,RequiredDVN,9.4868114421687e-05
0x1a50d068a0cba8916249f32972d1844a86e39769033619837a01f6e453d0bb7c,LayerZero Labs,49944468688472,RequiredDVN,4.9944468688472e-05
0x1a50d068a0cba8916249f32972d1844a86e39769033619837a01f6e453d0bb7c,Google Cloud,49944468688472,RequiredDVN,4.9944468688472e-05
0xa19688bcbaaa1489cc30380cd34c9b081e827c14ff663eefee4ec52e01596f64,LayerZero Labs,49944468688472,RequiredDVN,4.9944468688472e-05
0xa19688bcbaaa1489cc30380cd34c9b081e827c14ff663eefee4ec52e01596f64,Google Cloud,49944468688472,RequiredDVN,4.9944468688472e-05
0x4fd0a920a4e1c3657324f35a3c42f09a13cb5624c30af17458b445ce300f704d,LayerZero Labs,49944468688472,RequiredDVN,4.9944468688472e-05
0x4fd0a920a4e1c3657324f35a3c42f09a13cb5624c30af17458b445ce300f704d,Google Cloud,49944468688472,RequiredDVN,4.9944468688472e-05
0xa640c4e8f6ae73f4dac47984ddde27782746e585a6d7ddf6a17c9ae3f14d6491,LayerZero Labs,54173827709509,RequiredDVN,5.4173827709509e-05
0xa640c4e8f6ae73f4dac47984ddde27782746e585a6d7ddf6a17c9ae3f14d6491,Nethermind,53673713519672,RequiredDVN,5.3673713519672e-05
0xa640c4e8f6ae73f4dac47984ddde27782746e585a6d7ddf6a17c9ae3f14d6491,Google Cloud,54173827709509,RequiredDVN,5.4173827709509e-05
0x4c12f76512c542fd9a5babcce7bac6c4bf2fe86e971e116a3058d1d66ab89422,LayerZero Labs,14226714438342,RequiredDVN,1.4226714438342e-05
0x4c12f76512c542fd9a5babcce7bac6c4bf2fe86e971e116a3058d1d66ab89422,Nethermind,14095378291974,RequiredDVN,1.4095378291974e-05
0x4c12f76512c542fd9a5babcce7bac6c4bf2fe86e971e116a3058d1d66ab89422,Google Cloud,14226714438342,RequiredDVN,1.4226714438342e-05
0xead8931894b78d14d3db36bea05b0b69bd7d12a8ec06af81ca826c6c40b2e156,Canary,2318496000000,RequiredDVN,2.318496e-06
0xead8931894b78d14d3db36bea05b0b69bd7d12a8ec06af81ca826c6c40b2e156,P2P,2318496000000,RequiredDVN,2.318496e-06
0xead8931894b78d14d3db36bea05b0b69bd7d12a8ec06af81ca826c6c40b2e156,Deutsche Telekom,2318496000000,RequiredDVN,2.318496e-06
0x57a6b3b768d90060ce2c087373c1c7334c78b07fde96259506c6c4f8570039a2,LayerZero Labs,46077295257109,RequiredDVN,4.6077295257109e-05
0x57a6b3b768d90060ce2c087373c1c7334c78b07fde96259506c6c4f8570039a2,Google Cloud,46077295257109,RequiredDVN,4.6077295257109e-05
0x5d7542b3b970dee9e9e9fbb8e3947810856e31834098bc310be34a572b8d7c9a,Canary,19934165853843,RequiredDVN,1.9934165853843e-05
0x5d7542b3b970dee9e9e9fbb8e3947810856e31834098bc310be34a572b8d7c9a,P2P,19934165853843,RequiredDVN,1.9934165853843e-05
0x5d7542b3b970dee9e9e9fbb8e3947810856e31834098bc310be34a572b8d7c9a,Deutsche Telekom,19934165853843,RequiredDVN,1.9934165853843e-05
0x577a64cb35a02bfa1d9ac1a4f27137d69c937c099b84a80a2235334f162c69ab,LayerZero Labs,46077295257109,RequiredDVN,4.6077295257109e-05
0x577a64cb35a02bfa1d9ac1a4f27137d69c937c099b84a80a2235334f162c69ab,Google Cloud,46077295257109,RequiredDVN,4.6077295257109e-05
0x03ae2660f232a7f4c4e8b32914d9703ce0b7145187afab007d42a3f3e77304db,LayerZero Labs,46077295257109,RequiredDVN,4.6077295257109e-05
0x03ae2660f232a7f4c4e8b32914d9703ce0b7145187afab007d42a3f3e77304db,Google Cloud,46077295257109,RequiredDVN,4.6077295257109e-05
0x76bbe87911714fd30b2e97c82d0b095f1cf5e276a9da79ced9b556c145be4425,Canary,2406000000000,RequiredDVN,2.406e-06
0x76bbe87911714fd30b2e97c82d0b095f1cf5e276a9da79ced9b556c145be4425,P2P,2406000000000,RequiredDVN,2.406e-06
0x76bbe87911714fd30b2e97c82d0b095f1cf5e276a9da79ced9b556c145be4425,Deutsche Telekom,2406000000000,RequiredDVN,2.406e-06
0x05106c1c97f9687c0a77efba3e30c14785bddb527dc47398ccb4d04c67f77c24,LayerZero Labs,150689340197424,RequiredDVN,0.000150689340197424
0x05106c1c97f9687c0a77efba3e30c14785bddb527dc47398ccb4d04c67f77c24,Google Cloud,150689340197424,RequiredDVN,0.000150689340197424
0x0dc7e66ae6ebb43d8e09392a994ac294ac8deed96c114e92ad6c7c6fe516bdba,LayerZero Labs,150689340197424,RequiredDVN,0.000150689340197424
0x0dc7e66ae6ebb43d8e09392a994ac294ac8deed96c114e92ad6c7c6fe516bdba,Google Cloud,150689340197424,RequiredDVN,0.000150689340197424
0xab6dea4a49f9d2f9a4fefea7a9141fcfac80e8aa5503f23b4e9f993bab03b9ee,LayerZero Labs,150689340197424,RequiredDVN,0.000150689340197424
0xab6dea4a49f9d2f9a4fefea7a9141fcfac80e8aa5503f23b4e9f993bab03b9ee,Google Cloud,150689340197424,RequiredDVN,0.000150689340197424
0x35d372be2ff6e545a8733f9e1414829c17f5c6832e754aa4623164f7f1a7987a,Canary,292786624980,RequiredDVN,2.9278662498e-07
0x35d372be2ff6e545a8733f9e1414829c17f5c6832e754aa4623164f7f1a7987a,P2P,292786624980,RequiredDVN,2.9278662498e-07
0x35d372be2ff6e545a8733f9e1414829c17f5c6832e754aa4623164f7f1a7987a,Deutsche Telekom,292786624980,RequiredDVN,2.9278662498e-07
0xe01c0cba5a8283fee0893945232b08bd0b6a87791033a8b3b72a8f6825adb55e,Canary,2345244000000,RequiredDVN,2.345244e-06
0xe01c0cba5a8283fee0893945232b08bd0b6a87791033a8b3b72a8f6825adb55e,P2P,2345244000000,RequiredDVN,2.345244e-06
0xe01c0cba5a8283fee0893945232b08bd0b6a87791033a8b3b72a8f6825adb55e,Deutsche Telekom,2345244000000,RequiredDVN,2.345244e-06
0xa01374a7dca86c5fe7c596fb13f7b113b127f50fd0bdcf2aebb3633fbd6bf8b1,LayerZero Labs,1384604387694124,RequiredDVN,0.001384604387694124
0xa01374a7dca86c5fe7c596fb13f7b113b127f50fd0bdcf2aebb3633fbd6bf8b1,Google Cloud,1384604387694124,RequiredDVN,0.001384604387694124
0xb96107a1604f509df3dce1cb5de067db30feda03cfca894021dd880f1e427a1d,Canary,10150359139065,RequiredDVN,1.0150359139065e-05
0xb96107a1604f509df3dce1cb5de067db30feda03cfca894021dd880f1e427a1d,P2P,10150359139065,RequiredDVN,1.0150359139065e-05
0xb96107a1604f509df3dce1cb5de067db30feda03cfca894021dd880f1e427a1d,Deutsche Telekom,10150359139065,RequiredDVN,1.0150359139065e-05
0xd1ba4fd1d417d0e1386d7da2d852362e410e1d4e8159eea447070687eb335723,Canary,2311908000000,RequiredDVN,2.311908e-06
0xd1ba4fd1d417d0e1386d7da2d852362e410e1d4e8159eea447070687eb335723,P2P,2311908000000,RequiredDVN,2.311908e-06
0xd1ba4fd1d417d0e1386d7da2d852362e410e1d4e8159eea447070687eb335723,Deutsche Telekom,2311908000000,RequiredDVN,2.311908e-06
0x1eb1dab48a5afb5d7a3795f1eaa5cb8b99fd64d66aea8c28a69a507c36bbb1f5,Canary,11279567337600,RequiredDVN,1.12795673376e-05
0x1eb1dab48a5afb5d7a3795f1eaa5cb8b99fd64d66aea8c28a69a507c36bbb1f5,P2P,11279567337600,RequiredDVN,1.12795673376e-05
0x1eb1dab48a5afb5d7a3795f1eaa5cb8b99fd64d66aea8c28a69a507c36bbb1f5,Deutsche Telekom,11279567337600,RequiredDVN,1.12795673376e-05
0x3dd83c545f84fe9c028aede500f099693c0ea8cd6c9ee7504bf42953b4be6eb8,LayerZero Labs,22593285102872,RequiredDVN,2.2593285102872e-05
0x3dd83c545f84fe9c028aede500f099693c0ea8cd6c9ee7504bf42953b4be6eb8,Nethermind,22384711646782,RequiredDVN,2.2384711646782e-05
0x3dd83c545f84fe9c028aede500f099693c0ea8cd6c9ee7504bf42953b4be6eb8,Google Cloud,22593285102872,RequiredDVN,2.2593285102872e-05
0x2dad80eef679d146ba8b7fb11024fd4fde88c85a4c55bc194e0eb0742587d11e,LayerZero Labs,22593285102872,RequiredDVN,2.2593285102872e-05
0x2dad80eef679d146ba8b7fb11024fd4fde88c85a4c55bc194e0eb0742587d11e,Google Cloud,22593285102872,RequiredDVN,2.2593285102872e-05
0xe2ee42583f24ec597e7fe5afdfe1067b071b7bedc2dce8d0391534ee834d5f3d,Canary,9385437120000,RequiredDVN,9.38543712e-06
0xe2ee42583f24ec597e7fe5afdfe1067b071b7bedc2dce8d0391534ee834d5f3d,P2P,9385437120000,RequiredDVN,9.38543712e-06
0xe2ee42583f24ec597e7fe5afdfe1067b071b7bedc2dce8d0391534ee834d5f3d,Deutsche Telekom,9385437120000,RequiredDVN,9.38543712e-06
0xb958150c30697a224a8e623cbe5ed2170d9614f433f767d3972885d698dfdef5,LayerZero Labs,23249841129614,RequiredDVN,2.3249841129614e-05
0xb958150c30697a224a8e623cbe5ed2170d9614f433f767d3972885d698dfdef5,Nethermind,23035206573556,RequiredDVN,2.3035206573556e-05
0xb958150c30697a224a8e623cbe5ed2170d9614f433f767d3972885d698dfdef5,Google Cloud,23249841129614,RequiredDVN,2.3249841129614e-05
0xefef2bbe7e97309dcd4d7f14bebc8521052fb2d124c912045dba738ed1d3ea12,LayerZero Labs,23249841129614,RequiredDVN,2.3249841129614e-05
0xefef2bbe7e97309dcd4d7f14bebc8521052fb2d124c912045dba738ed1d3ea12,Google Cloud,23249841129614,RequiredDVN,2.3249841129614e-05
0x1103397cd2bc764e294e36e5b5c01f14b7504cf5056a8d838beae4e69c44427c,Canary,12970771386510,OptionalDVN,1.297077138651e-05
0x1103397cd2bc764e294e36e5b5c01f14b7504cf5056a8d838beae4e69c44427c,Luganodes,12970771386510,OptionalDVN,1.297077138651e-05
0x1103397cd2bc764e294e36e5b5c01f14b7504cf5056a8d838beae4e69c44427c,Deutsche Telekom,13270125664110,OptionalDVN,1.327012566411e-05
0xb6d5bbeb3690b74fd8d9565e011e35a5d50fe01ae94393cc656044ef23975c27,Canary,12970771386510,OptionalDVN,1.297077138651e-05
0xb6d5bbeb3690b74fd8d9565e011e35a5d50fe01ae94393cc656044ef23975c27,Luganodes,12970771386510,OptionalDVN,1.297077138651e-05
0xb6d5bbeb3690b74fd8d9565e011e35a5d50fe01ae94393cc656044ef23975c27,Deutsche Telekom,13270125664110,OptionalDVN,1.327012566411e-05
0x31778b095fdd56bb76c4396ccf95de10714b03a8b821ecd7e8691ed707459ace,Canary,12970771386510,OptionalDVN,1.297077138651e-05
0x31778b095fdd56bb76c4396ccf95de10714b03a8b821ecd7e8691ed707459ace,Luganodes,12970771386510,OptionalDVN,1.297077138651e-05
0x31778b095fdd56bb76c4396ccf95de10714b03a8b821ecd7e8691ed707459ace,Deutsche Telekom,13270125664110,OptionalDVN,1.327012566411e-05
0x5f86a506417c040121f4146270b1bafbda7aa929089be5daf74fc6b2c9fdb428,Unknown DVN,2302356000000,OptionalDVN,2.302356e-06
0xb82c4ddae276802f541a3514897a2b18613708937396105302cbe2cad58a5a59,Canary,12970771386510,OptionalDVN,1.297077138651e-05
0xb82c4ddae276802f541a3514897a2b18613708937396105302cbe2cad58a5a59,Luganodes,12970771386510,OptionalDVN,1.297077138651e-05
0xb82c4ddae276802f541a3514897a2b18613708937396105302cbe2cad58a5a59,Deutsche Telekom,13270125664110,OptionalDVN,1.327012566411e-05
0x46149b266396125dbf888c3563ef1dbc98d96845795a75e3851c0e80e59a8d6a,Unknown DVN,2322912000000,OptionalDVN,2.322912e-06
0x6369a323196b401994d5c12264669fcf0139cb42217d597e688283885932411b,Unknown DVN,128590392696,OptionalDVN,1.28590392696e-07
0x979bf9b8c52f1520ab8fc195640eb032a80b9188d5df26bb229885f81f2373b6,Unknown DVN,109084497844,OptionalDVN,1.09084497844e-07
0xc823ade6aca9b6b591f050400bdff9a891831c325f28cab849c8ae82aeab2d23,Unknown DVN,2302380000000,OptionalDVN,2.30238e-06
0xebeebb261f501d0a2093f6c6fcddb8ee5f2221060c5181fe89050a4632543dbb,Unknown DVN,2302152000000,OptionalDVN,2.302152e-06
0x0436d8dedd136d35dbfc561e073b1507bc69bab589b2a314713f66d6d5fcf99f,Canary,11721192073441,OptionalDVN,1.1721192073441e-05
0x0436d8dedd136d35dbfc561e073b1507bc69bab589b2a314713f66d6d5fcf99f,Luganodes,11721192073441,OptionalDVN,1.1721192073441e-05
0x0436d8dedd136d35dbfc561e073b1507bc69bab589b2a314713f66d6d5fcf99f,Deutsche Telekom,11991707132353,OptionalDVN,1.1991707132353e-05
0x18112e27712ad4cb939d12d42a4cb1d90875627b59eadcd6e6144ec6f3157dcc,Unknown DVN,2345400000000,OptionalDVN,2.3454e-06
0x3b4f2cde2b0ffa9a25c2c8d4f908d2c40f39b5303316c52c3ae102c158d45f4a,Canary,6315995086539,OptionalDVN,6.315995086539e-06
0x3b4f2cde2b0ffa9a25c2c8d4f908d2c40f39b5303316c52c3ae102c158d45f4a,Luganodes,6315995086539,OptionalDVN,6.315995086539e-06
0x3b4f2cde2b0ffa9a25c2c8d4f908d2c40f39b5303316c52c3ae102c158d45f4a,Deutsche Telekom,6461762835435,OptionalDVN,6.461762835435e-06
0x9dca277de925905ef919847b38d337ab26220ebea75ab6349826514eb907e2da,Canary,6315995086539,OptionalDVN,6.315995086539e-06
0x9dca277de925905ef919847b38d337ab26220ebea75ab6349826514eb907e2da,Luganodes,6315995086539,OptionalDVN,6.315995086539e-06
0x9dca277de925905ef919847b38d337ab26220ebea75ab6349826514eb907e2da,Deutsche Telekom,6461762835435,OptionalDVN,6.461762835435e-06
0xb74fe300b9ae8e88ea42643a46d021ddb83c82db83d3424453819ac0f682e638,BitGo,19333914324446,OptionalDVN,1.9333914324446e-05
0xb74fe300b9ae8e88ea42643a46d021ddb83c82db83d3424453819ac0f682e638,Canary,19155430261060,OptionalDVN,1.915543026106e-05
0xb74fe300b9ae8e88ea42643a46d021ddb83c82db83d3424453819ac0f682e638,P2P,19333914324446,OptionalDVN,1.9333914324446e-05
0xb74fe300b9ae8e88ea42643a46d021ddb83c82db83d3424453819ac0f682e638,Horizen,20137092609681,OptionalDVN,2.0137092609681e-05
0xb74fe300b9ae8e88ea42643a46d021ddb83c82db83d3424453819ac0f682e638,BCW Group,19780124482910,OptionalDVN,1.978012448291e-05
0xb74fe300b9ae8e88ea42643a46d021ddb83c82db83d3424453819ac0f682e638,Deutsche Telekom,19780124482910,OptionalDVN,1.978012448291e-05
0xb74fe300b9ae8e88ea42643a46d021ddb83c82db83d3424453819ac0f682e638,Stargate,19333914324446,OptionalDVN,1.9333914324446e-05
0xb74fe300b9ae8e88ea42643a46d021ddb83c82db83d3424453819ac0f682e638,BWare,19155430261060,OptionalDVN,1.915543026106e-05
0xb74fe300b9ae8e88ea42643a46d021ddb83c82db83d3424453819ac0f682e638,Omni X,19780124482910,OptionalDVN,1.978012448291e-05
0x6db3cdf1b511ee615b88edecdb57ad3046c9e5695ceec888a603f30335dc598f,BitGo,16507618977267,OptionalDVN,1.6507618977267e-05
0x6db3cdf1b511ee615b88edecdb57ad3046c9e5695ceec888a603f30335dc598f,Canary,16355226302797,OptionalDVN,1.6355226302797e-05
0x6db3cdf1b511ee615b88edecdb57ad3046c9e5695ceec888a603f30335dc598f,P2P,16507618977267,OptionalDVN,1.6507618977267e-05
0x6db3cdf1b511ee615b88edecdb57ad3046c9e5695ceec888a603f30335dc598f,Horizen,17193386012384,OptionalDVN,1.7193386012384e-05
0x6db3cdf1b511ee615b88edecdb57ad3046c9e5695ceec888a603f30335dc598f,BCW Group,16888600663443,OptionalDVN,1.6888600663443e-05
0x6db3cdf1b511ee615b88edecdb57ad3046c9e5695ceec888a603f30335dc598f,Deutsche Telekom,16888600663443,OptionalDVN,1.6888600663443e-05
0x6db3cdf1b511ee615b88edecdb57ad3046c9e5695ceec888a603f30335dc598f,Stargate,16507618977267,OptionalDVN,1.6507618977267e-05
0x6db3cdf1b511ee615b88edecdb57ad3046c9e5695ceec888a603f30335dc598f,BWare,16355226302797,OptionalDVN,1.6355226302797e-05
0x6db3cdf1b511ee615b88edecdb57ad3046c9e5695ceec888a603f30335dc598f,Omni X,16888600663443,OptionalDVN,1.6888600663443e-05
0x29fbb42a52d2da2dea4d32d7dc6247948c54f3642d756c76bb729d88449a77fa,BitGo,16507618977267,OptionalDVN,1.6507618977267e-05
0x29fbb42a52d2da2dea4d32d7dc6247948c54f3642d756c76bb729d88449a77fa,Canary,16355226302797,OptionalDVN,1.6355226302797e-05
0x29fbb42a52d2da2dea4d32d7dc6247948c54f3642d756c76bb729d88449a77fa,P2P,16507618977267,OptionalDVN,1.6507618977267e-05
0x29fbb42a52d2da2dea4d32d7dc6247948c54f3642d756c76bb729d88449a77fa,Horizen,17193386012384,OptionalDVN,1.7193386012384e-05
0x29fbb42a52d2da2dea4d32d7dc6247948c54f3642d756c76bb729d88449a77fa,BCW Group,16888600663443,OptionalDVN,1.6888600663443e-05
0x29fbb42a52d2da2dea4d32d7dc6247948c54f3642d756c76bb729d88449a77fa,Deutsche Telekom,16888600663443,OptionalDVN,1.6888600663443e-05
0x29fbb42a52d2da2dea4d32d7dc6247948c54f3642d756c76bb729d88449a77fa,Stargate,16507618977267,OptionalDVN,1.6507618977267e-05
0x29fbb42a52d2da2dea4d32d7dc6247948c54f3642d756c76bb729d88449a77fa,BWare,16355226302797,OptionalDVN,1.6355226302797e-05
0x29fbb42a52d2da2dea4d32d7dc6247948c54f3642d756c76bb729d88449a77fa,Omni X,16888600663443,OptionalDVN,1.6888600663443e-05
0x30669fcea545c097a782d15143b911ffa5d512eb20ded2caa99d88e24696558e,Unknown DVN,2312520000000,OptionalDVN,2.31252e-06
0xff800a93b9efb229ee11631a7d92a1684b0922d71d6fa680406c9ec31f4591ee,Unknown DVN,2312520000000,OptionalDVN,2.31252e-06
0x76548c9a5792d105763ffe5600382b0cbca4d2cf5f5df25371fbf7212369ade6,Unknown DVN,428175772467,OptionalDVN,4.28175772467e-07
0xaecb1de27449644d9a805db0a4c0dca931adc1267057ae82014b5031e6ecc880,Unknown DVN,2302152000000,OptionalDVN,2.302152e-06
0xcabf83c339ddf5cb23724ea5945e7ffa0f90a20a86a4f3042e3a92b2720fccd0,Unknown DVN,2306616000000,OptionalDVN,2.306616e-06
0xe31d522404a5eb1f3d601b210e14f0a56fd1c3fa2e86ec3ca2274bb32b144d38,Unknown DVN,2311824000000,OptionalDVN,2.311824e-06
0x82e64843ed1f56cbbdb992198875c191f59b5d7a03e3272898c7a37633ce7e27,Unknown DVN,2345808000000,OptionalDVN,2.345808e-06
0x7b69d7058932f91649b2b5cfdeb79c9a3130cbe8531f6901d121290e683b7e84,Unknown DVN,2025875942454,OptionalDVN,2.025875942454e-06
0x6711fdf450d2caab8aef48e828aaa68a82d8ba52e2c775b6eb714cf1836df7ee,Unknown DVN,2371748940000,OptionalDVN,2.37174894e-06
0x7f73c966f21c31fa87833fb15e7788bf2db61e8d12904641973f5f567357940d,Unknown DVN,2301972000000,OptionalDVN,2.301972e-06
0x6e13529759593fa9e144ea1c10542584bbf92ee27a5e3ef06ce5b9047444fe51,Canary,310484038659438,OptionalDVN,0.000310484038659438
0x6e13529759593fa9e144ea1c10542584bbf92ee27a5e3ef06ce5b9047444fe51,Luganodes,310484038659438,OptionalDVN,0.000310484038659438
0x6e13529759593fa9e144ea1c10542584bbf92ee27a5e3ef06ce5b9047444fe51,Deutsche Telekom,317649743946318,OptionalDVN,0.000317649743946318
0x071b453da4e4ec34672acc97cc8e169570d69b657779b565de2f84f42c6dd5c5,Unknown DVN,7534304048400,OptionalDVN,7.5343040484e-06
0x2d56e6a0085fe4c367d13a20d22170ebd67c919fe926575988cbef8957b9f700,Unknown DVN,3949202304000,OptionalDVN,3.949202304e-06
0x42e5ae4a94e5e0f6932b00246725db7edfa17c25365f508f89edffd9e95c4ac6,Unknown DVN,6831686707200,OptionalDVN,6.8316867072e-06
0xfd35c078d6c46db2c4afea25ec79ee0e8782640f7d7b096b2c7d189630e878b4,Unknown DVN,10923569604000,OptionalDVN,1.0923569604e-05
0x3ed66124358148ac95647b5584949642afd142776c87d5f9305a5896b7adc315,Unknown DVN,12505507608000,OptionalDVN,1.2505507608e-05
0xdc9ee8dfe871962319fa0c7dfd2b216d1e3606b274209c7918c18451e9adf3f3,BitGo,11506823123342,OptionalDVN,1.1506823123342e-05
0xdc9ee8dfe871962319fa0c7dfd2b216d1e3606b274209c7918c18451e9adf3f3,Canary,11400596080372,OptionalDVN,1.1400596080372e-05
0xdc9ee8dfe871962319fa0c7dfd2b216d1e3606b274209c7918c18451e9adf3f3,P2P,11506823123342,OptionalDVN,1.1506823123342e-05
0xdc9ee8dfe871962319fa0c7dfd2b216d1e3606b274209c7918c18451e9adf3f3,Horizen,11984844816705,OptionalDVN,1.1984844816705e-05
0xdc9ee8dfe871962319fa0c7dfd2b216d1e3606b274209c7918c18451e9adf3f3,BCW Group,11772390730766,OptionalDVN,1.1772390730766e-05
0xdc9ee8dfe871962319fa0c7dfd2b216d1e3606b274209c7918c18451e9adf3f3,Deutsche Telekom,11772390730766,OptionalDVN,1.1772390730766e-05
0xdc9ee8dfe871962319fa0c7dfd2b216d1e3606b274209c7918c18451e9adf3f3,Stargate,11506823123342,OptionalDVN,1.1506823123342e-05
0xdc9ee8dfe871962319fa0c7dfd2b216d1e3606b274209c7918c18451e9adf3f3,BWare,11400596080372,OptionalDVN,1.1400596080372e-05
0xdc9ee8dfe871962319fa0c7dfd2b216d1e3606b274209c7918c18451e9adf3f3,Omni X,11772390730766,OptionalDVN,1.1772390730766e-05
0x5ec56d3469cbe2c24abd1a06d7c1c671b895f925abce0d0e2727abd788089c7b,Unknown DVN,2361096000000,OptionalDVN,2.361096e-06
0x08e35346731fdef2843421a95d49a25715925922d8d6059ff4b710a473cb4fb0,Unknown DVN,2361096000000,OptionalDVN,2.361096e-06
0x78bf113c9ff28d4306a17b22a770137d5ddf5de6ff98ad7f6a8e713aec8e9d67,Canary,11506823123342,OptionalDVN,1.1506823123342e-05
0x78bf113c9ff28d4306a17b22a770137d5ddf5de6ff98ad7f6a8e713aec8e9d67,Luganodes,11506823123342,OptionalDVN,1.1506823123342e-05
0x78bf113c9ff28d4306a17b22a770137d5ddf5de6ff98ad7f6a8e713aec8e9d67,Deutsche Telekom,11772390730766,OptionalDVN,1.1772390730766e-05
0x093ce567652b0a5f403a1c684d345b014e58a73709802a93583df933f3e7dbbc,Unknown DVN,2322744000000,OptionalDVN,2.322744e-06
0x194440699e158ef6cf3c377644048a7033e6c7c5da74a18bc2acc4eead07732f,Unknown DVN,2322744000000,OptionalDVN,2.322744e-06
0x65f5ca900087354415140562f3c381d9868830ce1f4d080b5d2e255b371c2ec8,Unknown DVN,2322744000000,OptionalDVN,2.322744e-06
0x90f819b9a0d64a6e314b4a951591989ee66349afbba2cce4fef1b30a613bcf28,Unknown DVN,2306940000000,OptionalDVN,2.30694e-06
0xae2b7931d0724466fe4baf785f4be34e968bd443dcff0d8cdf241e254361df24,Unknown DVN,2300760000000,OptionalDVN,2.30076e-06
0xe92781bb0240c7d808beba9ca522c8e330c9820b357e693c273690e7729333f0,BitGo,106708976876854,OptionalDVN,0.000106708976876854
0xe92781bb0240c7d808beba9ca522c8e330c9820b357e693c273690e7729333f0,Canary,105723876215235,OptionalDVN,0.000105723876215235
0xe92781bb0240c7d808beba9ca522c8e330c9820b357e693c273690e7729333f0,P2P,106708976876854,OptionalDVN,0.000106708976876854
0xe92781bb0240c7d808beba9ca522c8e330c9820b357e693c273690e7729333f0,Horizen,111141929854141,OptionalDVN,0.000111141929854141
0xe92781bb0240c7d808beba9ca522c8e330c9820b357e693c273690e7729333f0,BCW Group,109171728530902,OptionalDVN,0.000109171728530902
0xe92781bb0240c7d808beba9ca522c8e330c9820b357e693c273690e7729333f0,Deutsche Telekom,109171728530902,OptionalDVN,0.000109171728530902
0xe92781bb0240c7d808beba9ca522c8e330c9820b357e693c273690e7729333f0,Stargate,106708976876854,OptionalDVN,0.000106708976876854
0xe92781bb0240c7d808beba9ca522c8e330c9820b357e693c273690e7729333f0,BWare,105723876215235,OptionalDVN,0.000105723876215235
0xe92781bb0240c7d808beba9ca522c8e330c9820b357e693c273690e7729333f0,Omni X,109171728530902,OptionalDVN,0.000109171728530902
0xfdbcde3803eff02e7d0a162d13e2eee3646368754b460921dda9a6510554e4bd,Unknown DVN,2374348800000,OptionalDVN,2.3743488e-06
0x1cb2da5030c312d17fa2fbc6e1c2bdcb0de5b13c2b1df7e0a280ded874a5e703,Unknown DVN,4572715014000,OptionalDVN,4.572715014e-06
0x2832033bb13adf8cf7ac762dc014b846807a04e8d7265c4f1e810ccc2a169f5d,BitGo,39657565341231,OptionalDVN,3.9657565341231e-05
0x2832033bb13adf8cf7ac762dc014b846807a04e8d7265c4f1e810ccc2a169f5d,Canary,39291460304905,OptionalDVN,3.9291460304905e-05
0x2832033bb13adf8cf7ac762dc014b846807a04e8d7265c4f1e810ccc2a169f5d,P2P,39657565341231,OptionalDVN,3.9657565341231e-05
0x2832033bb13adf8cf7ac762dc014b846807a04e8d7265c4f1e810ccc2a169f5d,Horizen,41305038004700,OptionalDVN,4.13050380047e-05
0x2832033bb13adf8cf7ac762dc014b846807a04e8d7265c4f1e810ccc2a169f5d,BCW Group,40572827932047,OptionalDVN,4.0572827932047e-05
0x2832033bb13adf8cf7ac762dc014b846807a04e8d7265c4f1e810ccc2a169f5d,Deutsche Telekom,40572827932047,OptionalDVN,4.0572827932047e-05
0x2832033bb13adf8cf7ac762dc014b846807a04e8d7265c4f1e810ccc2a169f5d,Stargate,39657565341231,OptionalDVN,3.9657565341231e-05
0x2832033bb13adf8cf7ac762dc014b846807a04e8d7265c4f1e810ccc2a169f5d,BWare,39291460304905,OptionalDVN,3.9291460304905e-05
0x2832033bb13adf8cf7ac762dc014b846807a04e8d7265c4f1e810ccc2a169f5d,Omni X,40572827932047,OptionalDVN,4.0572827932047e-05
0xee674ea24587e6864e1e4bfc2ce49f809d55d2d51ffe437056ae301a793bf3d6,Unknown DVN,2941259126400,OptionalDVN,2.9412591264e-06
0xfd2639ba19e1e4ffd5fe3de6148e445e9f71d531328b0a9ee15481d05506b960,BitGo,131146929308892,OptionalDVN,0.000131146929308892
0xfd2639ba19e1e4ffd5fe3de6148e445e9f71d531328b0a9ee15481d05506b960,Canary,129936225855324,OptionalDVN,0.000129936225855324
0xfd2639ba19e1e4ffd5fe3de6148e445e9f71d531328b0a9ee15481d05506b960,P2P,131146929308892,OptionalDVN,0.000131146929308892
0xfd2639ba19e1e4ffd5fe3de6148e445e9f71d531328b0a9ee15481d05506b960,Horizen,136595094849948,OptionalDVN,0.000136595094849948
0xfd2639ba19e1e4ffd5fe3de6148e445e9f71d531328b0a9ee15481d05506b960,BCW Group,134173687942812,OptionalDVN,0.000134173687942812
0xfd2639ba19e1e4ffd5fe3de6148e445e9f71d531328b0a9ee15481d05506b960,Deutsche Telekom,134173687942812,OptionalDVN,0.000134173687942812
0xfd2639ba19e1e4ffd5fe3de6148e445e9f71d531328b0a9ee15481d05506b960,Stargate,131146929308892,OptionalDVN,0.000131146929308892
0xfd2639ba19e1e4ffd5fe3de6148e445e9f71d531328b0a9ee15481d05506b960,BWare,129936225855324,OptionalDVN,0.000129936225855324
0xfd2639ba19e1e4ffd5fe3de6148e445e9f71d531328b0a9ee15481d05506b960,Omni X,134173687942812,OptionalDVN,0.000134173687942812
0x623981ab19e2ef295f3baad9dfee2e055541053ffa19c6e6b75548e0568294c8,Canary,33328096619798,OptionalDVN,3.3328096619798e-05
0x623981ab19e2ef295f3baad9dfee2e055541053ffa19c6e6b75548e0568294c8,Luganodes,33328096619798,OptionalDVN,3.3328096619798e-05
0x623981ab19e2ef295f3baad9dfee2e055541053ffa19c6e6b75548e0568294c8,Deutsche Telekom,34097280501782,OptionalDVN,3.4097280501782e-05
0xa2e01c02ee9e407ae538bee2596a67519cb0159b8d6daf943c72f02ceb693626,Unknown DVN,3270530790000,OptionalDVN,3.27053079e-06
0xca3661f9b810cda5f3cedb4d0ed7cd92f6abb350035fc6d3d250079fad0b89b7,Unknown DVN,3270530790000,OptionalDVN,3.27053079e-06
0xdeab6932fd90943770da03ceabad3ce044721302101aa8d2b6f49d44c01eca52,Unknown DVN,2339535748608,OptionalDVN,2.339535748608e-06
0x4bcc3ddd3a08f061349a3817f99db8d5f142caefa64e3194f7c743c0ebcbf853,Unknown DVN,2371988934000,OptionalDVN,2.371988934e-06
0x3ce7d05f6b1b389ab7da701602931fd93fbf5f8d68927f94a321c6defb50149e,Unknown DVN,2371988934000,OptionalDVN,2.371988934e-06
0x164930a9115662c3310a7766e25240279fabd64d4958d55a50f8ebc3a27941c8,Unknown DVN,4732724797200,OptionalDVN,4.7327247972e-06
0x7a0d97473b573e60be194b39290008044a06d54b65a46bf641c40fe2f9fdb47e,Unknown DVN,3941345484000,OptionalDVN,3.941345484e-06
0xafa04e776c5694b2dc0c912bb815e1f07bf0985df0ae365e9336ea53baa1fbe3,Canary,127245636167865,OptionalDVN,0.000127245636167865
0xafa04e776c5694b2dc0c912bb815e1f07bf0985df0ae365e9336ea53baa1fbe3,Luganodes,127245636167865,OptionalDVN,0.000127245636167865
0xafa04e776c5694b2dc0c912bb815e1f07bf0985df0ae365e9336ea53baa1fbe3,Deutsche Telekom,130182356302521,OptionalDVN,0.000130182356302521
0xbc8008e9258cc54b462a2b48c330fb1d8145b44846d93d9a2348067b2755f493,Canary,127245636167865,OptionalDVN,0.000127245636167865
0xbc8008e9258cc54b462a2b48c330fb1d8145b44846d93d9a2348067b2755f493,Luganodes,127245636167865,OptionalDVN,0.000127245636167865
0xbc8008e9258cc54b462a2b48c330fb1d8145b44846d93d9a2348067b2755f493,Deutsche Telekom,130182356302521,OptionalDVN,0.000130182356302521
0x204f258cc6dbf47324c3324e42a68ed5c61760f733fad2917fcab1750bebf200,Canary,127245636167865,OptionalDVN,0.000127245636167865
0x204f258cc6dbf47324c3324e42a68ed5c61760f733fad2917fcab1750bebf200,Luganodes,127245636167865,OptionalDVN,0.000127245636167865
0x204f258cc6dbf47324c3324e42a68ed5c61760f733fad2917fcab1750bebf200,Deutsche Telekom,130182356302521,OptionalDVN,0.000130182356302521
0x68876c93f98fa69bed85599524ab61d71dcf482903c94da5e4b8997f16c82d0f,Unknown DVN,7230828780000,OptionalDVN,7.23082878e-06
0x5ddbd1d236f718561c91468d83e6e3a759c449e159dd31508e4565ca88beb101,Unknown DVN,10473766986000,OptionalDVN,1.0473766986e-05
0x2724be8913420651f09b669e32222a02a3ca2518c64eaf148c229a2f2363c3f8,Canary,127245636167865,OptionalDVN,0.000127245636167865
0x2724be8913420651f09b669e32222a02a3ca2518c64eaf148c229a2f2363c3f8,Luganodes,127245636167865,OptionalDVN,0.000127245636167865
0x2724be8913420651f09b669e32222a02a3ca2518c64eaf148c229a2f2363c3f8,Deutsche Telekom,130182356302521,OptionalDVN,0.000130182356302521
0x1cf4cc97e1d359d8772250e515f41aeebbbce697860e3eb745d01f39de7fa2c1,Canary,234970500534957,OptionalDVN,0.000234970500534957
0x1cf4cc97e1d359d8772250e515f41aeebbbce697860e3eb745d01f39de7fa2c1,Luganodes,234970500534957,OptionalDVN,0.000234970500534957
0x1cf4cc97e1d359d8772250e515f41aeebbbce697860e3eb745d01f39de7fa2c1,Deutsche Telekom,240393418135533,OptionalDVN,0.000240393418135533
0x73a0b430920a7ece6c8f0a5922f838ca657053a8f32534d93c63331c66aef6b2,Canary,53996256843832,OptionalDVN,5.3996256843832e-05
0x73a0b430920a7ece6c8f0a5922f838ca657053a8f32534d93c63331c66aef6b2,Luganodes,53996256843832,OptionalDVN,5.3996256843832e-05
0x73a0b430920a7ece6c8f0a5922f838ca657053a8f32534d93c63331c66aef6b2,Deutsche Telekom,55242444135160,OptionalDVN,5.524244413516e-05
0x34c73c3c287fe7c5861468ee6741f06735c47735d2844c64d639c75f98a7f4f8,Canary,14246119596282,OptionalDVN,1.4246119596282e-05
0x34c73c3c287fe7c5861468ee6741f06735c47735d2844c64d639c75f98a7f4f8,Luganodes,14246119596282,OptionalDVN,1.4246119596282e-05
0x34c73c3c287fe7c5861468ee6741f06735c47735d2844c64d639c75f98a7f4f8,Deutsche Telekom,14574907816602,OptionalDVN,1.4574907816602e-05
0xf353ace68c05ac49b64d693d135c25b675419fdf569163a00e53102981afbc99,Canary,14246119596282,OptionalDVN,1.4246119596282e-05
0xf353ace68c05ac49b64d693d135c25b675419fdf569163a00e53102981afbc99,Luganodes,14246119596282,OptionalDVN,1.4246119596282e-05
0xf353ace68c05ac49b64d693d135c25b675419fdf569163a00e53102981afbc99,Deutsche Telekom,14574907816602,OptionalDVN,1.4574907816602e-05
0xf5db336a557a7464918d92ea049b910adba831d43a868f0c7d5f0038a941d202,Canary,14246119596282,OptionalDVN,1.4246119596282e-05
0xf5db336a557a7464918d92ea049b910adba831d43a868f0c7d5f0038a941d202,Luganodes,14246119596282,OptionalDVN,1.4246119596282e-05
0xf5db336a557a7464918d92ea049b910adba831d43a868f0c7d5f0038a941d202,Deutsche Telekom,14574907816602,OptionalDVN,1.4574907816602e-05
0x63dde1c567c02df6ece26326e32c51fde160f11ef9d0ed8663764cad344404e2,Canary,43458117192252,OptionalDVN,4.3458117192252e-05
0x63dde1c567c02df6ece26326e32c51fde160f11ef9d0ed8663764cad344404e2,Luganodes,43458117192252,OptionalDVN,4.3458117192252e-05
0x63dde1c567c02df6ece26326e32c51fde160f11ef9d0ed8663764cad344404e2,Deutsche Telekom,44461093259772,OptionalDVN,4.4461093259772e-05
0x66984f49343b361c759fba0dd3232b61300dfe65b0257c467a0525debca91d3f,Unknown DVN,111415229455,OptionalDVN,1.11415229455e-07
0x562700e77b08eb4288dd2ec733dbd970d298dfc6d143b13c525ea6251e406190,Unknown DVN,17551362268800,OptionalDVN,1.75513622688e-05
0x19d453f2e2e712be4e1bd050d44f1c13faf4ecfd98dc40a936f0fc1261fa7015,Canary,9619345037072,OptionalDVN,9.619345037072e-06
0x19d453f2e2e712be4e1bd050d44f1c13faf4ecfd98dc40a936f0fc1261fa7015,Luganodes,9619345037072,OptionalDVN,9.619345037072e-06
0x19d453f2e2e712be4e1bd050d44f1c13faf4ecfd98dc40a936f0fc1261fa7015,Deutsche Telekom,9841351269296,OptionalDVN,9.841351269296e-06
0x92f7d54be016f85efccdcfffa225d4b5a939ad820351eb4a98f9ebf2ff396b3c,Canary,9619345037072,OptionalDVN,9.619345037072e-06
0x92f7d54be016f85efccdcfffa225d4b5a939ad820351eb4a98f9ebf2ff396b3c,Luganodes,9619345037072,OptionalDVN,9.619345037072e-06
0x92f7d54be016f85efccdcfffa225d4b5a939ad820351eb4a98f9ebf2ff396b3c,Deutsche Telekom,9841351269296,OptionalDVN,9.841351269296e-06
0xd67572e719177bdd5e9c9873d15f48e29da832f773478001031ab6a6806aa66e,Canary,9619345037072,OptionalDVN,9.619345037072e-06
0xd67572e719177bdd5e9c9873d15f48e29da832f773478001031ab6a6806aa66e,Luganodes,9619345037072,OptionalDVN,9.619345037072e-06
0xd67572e719177bdd5e9c9873d15f48e29da832f773478001031ab6a6806aa66e,Deutsche Telekom,9841351269296,OptionalDVN,9.841351269296e-06
0x517ebfd56b1d516aa784db3f12322fb1f71e68579abed54377272ac8a11cf986,Canary,9619345037072,OptionalDVN,9.619345037072e-06
0x517ebfd56b1d516aa784db3f12322fb1f71e68579abed54377272ac8a11cf986,Luganodes,9619345037072,OptionalDVN,9.619345037072e-06
0x517ebfd56b1d516aa784db3f12322fb1f71e68579abed54377272ac8a11cf986,Deutsche Telekom,9841351269296,OptionalDVN,9.841351269296e-06
0x534c3712afbc5140b3b569fb3c34ca476678cbad5d9cf0468e44a0ac3a8bdc7f,BitGo,9619345037072,OptionalDVN,9.619345037072e-06
0x534c3712afbc5140b3b569fb3c34ca476678cbad5d9cf0468e44a0ac3a8bdc7f,Canary,9530542544182,OptionalDVN,9.530542544182e-06
0x534c3712afbc5140b3b569fb3c34ca476678cbad5d9cf0468e44a0ac3a8bdc7f,P2P,9619345037072,OptionalDVN,9.619345037072e-06
0x534c3712afbc5140b3b569fb3c34ca476678cbad5d9cf0468e44a0ac3a8bdc7f,Horizen,10018956255075,OptionalDVN,1.0018956255075e-05
0x534c3712afbc5140b3b569fb3c34ca476678cbad5d9cf0468e44a0ac3a8bdc7f,BCW Group,9841351269296,OptionalDVN,9.841351269296e-06
0x534c3712afbc5140b3b569fb3c34ca476678cbad5d9cf0468e44a0ac3a8bdc7f,Deutsche Telekom,9841351269296,OptionalDVN,9.841351269296e-06
0x534c3712afbc5140b3b569fb3c34ca476678cbad5d9cf0468e44a0ac3a8bdc7f,Stargate,9619345037072,OptionalDVN,9.619345037072e-06
0x534c3712afbc5140b3b569fb3c34ca476678cbad5d9cf0468e44a0ac3a8bdc7f,BWare,9530542544182,OptionalDVN,9.530542544182e-06
0x534c3712afbc5140b3b569fb3c34ca476678cbad5d9cf0468e44a0ac3a8bdc7f,Omni X,9841351269296,OptionalDVN,9.841351269296e-06
0x03f9079064b73cfd1796108199ff36ef520451e479fd1b81312e7490dbea7d24,Canary,92175830055758,OptionalDVN,9.2175830055758e-05
0x03f9079064b73cfd1796108199ff36ef520451e479fd1b81312e7490dbea7d24,Luganodes,92175830055758,OptionalDVN,9.2175830055758e-05
0x03f9079064b73cfd1796108199ff36ef520451e479fd1b81312e7490dbea7d24,Deutsche Telekom,94303169147342,OptionalDVN,9.4303169147342e-05
0x35e5981600e9a05572a091b9d5df2d52f464d1c588ba384705082153c65601ba,Canary,17378582039406,OptionalDVN,1.7378582039406e-05
0x35e5981600e9a05572a091b9d5df2d52f464d1c588ba384705082153c65601ba,Luganodes,17378582039406,OptionalDVN,1.7378582039406e-05
0x35e5981600e9a05572a091b9d5df2d52f464d1c588ba384705082153c65601ba,Deutsche Telekom,17779664805966,OptionalDVN,1.7779664805966e-05
0x34f2d21c61557b177076ff2551abce3a99f6fd26f5aab81b6f1e6a40f7f2f6c4,Unknown DVN,109217768263,OptionalDVN,1.09217768263e-07
0x33e52c70afe9f79bd38543ed060717461ceaba574ea6ef595597ee9c868d4d8d,Unknown DVN,11842624836000,OptionalDVN,1.1842624836e-05
0xcc36ebec076b34c1bc74aa11c35534d97accbce6947b8e3c67d23cc30df1bc8f,Unknown DVN,2412108000000,OptionalDVN,2.412108e-06
0x255feb4116a179c3ce704d3d820cbcfec2422542e2631748186ac82fd1f00d07,Canary,11292136737529,OptionalDVN,1.1292136737529e-05
0x255feb4116a179c3ce704d3d820cbcfec2422542e2631748186ac82fd1f00d07,Luganodes,11292136737529,OptionalDVN,1.1292136737529e-05
0x255feb4116a179c3ce704d3d820cbcfec2422542e2631748186ac82fd1f00d07,Deutsche Telekom,11552749567321,OptionalDVN,1.1552749567321e-05
0x19871c50101708c1045a55d597cabc5bc75cb2495f53898983d12d431739e674,Canary,11292136737529,OptionalDVN,1.1292136737529e-05
0x19871c50101708c1045a55d597cabc5bc75cb2495f53898983d12d431739e674,Luganodes,11292136737529,OptionalDVN,1.1292136737529e-05
0x19871c50101708c1045a55d597cabc5bc75cb2495f53898983d12d431739e674,Deutsche Telekom,11552749567321,OptionalDVN,1.1552749567321e-05
0x8d711e53eac46b64aeb76968b690963223377cb453f993f587fc64b4dfd197e9,Canary,35643997529044,OptionalDVN,3.5643997529044e-05
0x8d711e53eac46b64aeb76968b690963223377cb453f993f587fc64b4dfd197e9,Luganodes,35643997529044,OptionalDVN,3.5643997529044e-05
0x8d711e53eac46b64aeb76968b690963223377cb453f993f587fc64b4dfd197e9,Deutsche Telekom,36466630417492,OptionalDVN,3.6466630417492e-05
0xea3964c7bcbf387aec32d83ab3cfa958f2e6c85479c5e5fb8fb7dc40560ef4ab,Canary,35643997529044,OptionalDVN,3.5643997529044e-05
0xea3964c7bcbf387aec32d83ab3cfa958f2e6c85479c5e5fb8fb7dc40560ef4ab,Luganodes,35643997529044,OptionalDVN,3.5643997529044e-05
0xea3964c7bcbf387aec32d83ab3cfa958f2e6c85479c5e5fb8fb7dc40560ef4ab,Deutsche Telekom,36466630417492,OptionalDVN,3.6466630417492e-05
0x4e4662cc4821fcb084ca5a97fe2c20446b7c7406a83f4861eea59c840a75c9f4,Canary,35643997529044,OptionalDVN,3.5643997529044e-05
0x4e4662cc4821fcb084ca5a97fe2c20446b7c7406a83f4861eea59c840a75c9f4,Luganodes,35643997529044,OptionalDVN,3.5643997529044e-05
0x4e4662cc4821fcb084ca5a97fe2c20446b7c7406a83f4861eea59c840a75c9f4,Deutsche Telekom,36466630417492,OptionalDVN,3.6466630417492e-05
0xf424964c66dadf5bb1af077039982f2832c8b904ccbc13912998832a3b3719b5,Canary,35643997529044,OptionalDVN,3.5643997529044e-05
0xf424964c66dadf5bb1af077039982f2832c8b904ccbc13912998832a3b3719b5,Luganodes,35643997529044,OptionalDVN,3.5643997529044e-05
0xf424964c66dadf5bb1af077039982f2832c8b904ccbc13912998832a3b3719b5,Deutsche Telekom,36466630417492,OptionalDVN,3.6466630417492e-05
0xa7c9eb9bb1defc13a4120330624a9f96e3a25ab524e87ffb366245a8c18ecd15,Unknown DVN,15971080377600,OptionalDVN,1.59710803776e-05
0xa2f492c15bda79b0ab86facbaac6519d9b472e88e84e4d2e15e21a602224aac3,BitGo,11031551540847,OptionalDVN,1.1031551540847e-05
0xa2f492c15bda79b0ab86facbaac6519d9b472e88e84e4d2e15e21a602224aac3,Canary,10929712042057,OptionalDVN,1.0929712042057e-05
0xa2f492c15bda79b0ab86facbaac6519d9b472e88e84e4d2e15e21a602224aac3,P2P,11031551540847,OptionalDVN,1.1031551540847e-05
0xa2f492c15bda79b0ab86facbaac6519d9b472e88e84e4d2e15e21a602224aac3,Horizen,11489829285404,OptionalDVN,1.1489829285404e-05
0xa2f492c15bda79b0ab86facbaac6519d9b472e88e84e4d2e15e21a602224aac3,BCW Group,11286150287823,OptionalDVN,1.1286150287823e-05
0xa2f492c15bda79b0ab86facbaac6519d9b472e88e84e4d2e15e21a602224aac3,Deutsche Telekom,11286150287823,OptionalDVN,1.1286150287823e-05
0xa2f492c15bda79b0ab86facbaac6519d9b472e88e84e4d2e15e21a602224aac3,Stargate,11031551540847,OptionalDVN,1.1031551540847e-05
0xa2f492c15bda79b0ab86facbaac6519d9b472e88e84e4d2e15e21a602224aac3,BWare,10929712042057,OptionalDVN,1.0929712042057e-05
0xa2f492c15bda79b0ab86facbaac6519d9b472e88e84e4d2e15e21a602224aac3,Omni X,11286150287823,OptionalDVN,1.1286150287823e-05
0x612d4cdf3e3aa9e6b81e603299623a1bc924ac992856d40f0b45c69cd2fd9d62,Canary,11031551540847,OptionalDVN,1.1031551540847e-05
0x612d4cdf3e3aa9e6b81e603299623a1bc924ac992856d40f0b45c69cd2fd9d62,Luganodes,11031551540847,OptionalDVN,1.1031551540847e-05
0x612d4cdf3e3aa9e6b81e603299623a1bc924ac992856d40f0b45c69cd2fd9d62,Deutsche Telekom,11286150287823,OptionalDVN,1.1286150287823e-05
0x94bc28127047662b7df08d68f031b78e34a270475609623c1bcedcc6b0580fa4,Unknown DVN,2313084000000,OptionalDVN,2.313084e-06
0xdab7a8bc0b9438918434ab18f972b0d150ecafad75df3c2606307972ace42377,Canary,11031551540847,OptionalDVN,1.1031551540847e-05
0xdab7a8bc0b9438918434ab18f972b0d150ecafad75df3c2606307972ace42377,Luganodes,11031551540847,OptionalDVN,1.1031551540847e-05
0xdab7a8bc0b9438918434ab18f972b0d150ecafad75df3c2606307972ace42377,Deutsche Telekom,11286150287823,OptionalDVN,1.1286150287823e-05
0xb2688bc31237c027301b8ea1e69759f641904bb77afe2bdcd83145cd35404882,Canary,11031551540847,OptionalDVN,1.1031551540847e-05
0xb2688bc31237c027301b8ea1e69759f641904bb77afe2bdcd83145cd35404882,Luganodes,11031551540847,OptionalDVN,1.1031551540847e-05
0xb2688bc31237c027301b8ea1e69759f641904bb77afe2bdcd83145cd35404882,Deutsche Telekom,11286150287823,OptionalDVN,1.1286150287823e-05
0x2b071a4b48b78728c2a79a8c89e3fc185312b1940a3bf3d3c2748ccf36e36c51,Canary,11031551540847,OptionalDVN,1.1031551540847e-05
0x2b071a4b48b78728c2a79a8c89e3fc185312b1940a3bf3d3c2748ccf36e36c51,Luganodes,11031551540847,OptionalDVN,1.1031551540847e-05
0x2b071a4b48b78728c2a79a8c89e3fc185312b1940a3bf3d3c2748ccf36e36c51,Deutsche Telekom,11286150287823,OptionalDVN,1.1286150287823e-05
0xb3a69ef5af3c1d0b33a613e72bfca8b3b22147772ae58ed7ed8195e3d3eacec2,Canary,11031551540847,OptionalDVN,1.1031551540847e-05
0xb3a69ef5af3c1d0b33a613e72bfca8b3b22147772ae58ed7ed8195e3d3eacec2,Luganodes,11031551540847,OptionalDVN,1.1031551540847e-05
0xb3a69ef5af3c1d0b33a613e72bfca8b3b22147772ae58ed7ed8195e3d3eacec2,Deutsche Telekom,11286150287823,OptionalDVN,1.1286150287823e-05
0x86918771be8ee42855cf92b1894e6c4f8628fba4b06d6d717259a65110c46871,Canary,11031551540847,OptionalDVN,1.1031551540847e-05
0x86918771be8ee42855cf92b1894e6c4f8628fba4b06d6d717259a65110c46871,Luganodes,11031551540847,OptionalDVN,1.1031551540847e-05
0x86918771be8ee42855cf92b1894e6c4f8628fba4b06d6d717259a65110c46871,Deutsche Telekom,11286150287823,OptionalDVN,1.1286150287823e-05
0x425471fde85e55c058bcaca1f1c8646d595d16d53a3928f58922c9511bb91b1b,Canary,11031551540847,OptionalDVN,1.1031551540847e-05
0x425471fde85e55c058bcaca1f1c8646d595d16d53a3928f58922c9511bb91b1b,Luganodes,11031551540847,OptionalDVN,1.1031551540847e-05
0x425471fde85e55c058bcaca1f1c8646d595d16d53a3928f58922c9511bb91b1b,Deutsche Telekom,11286150287823,OptionalDVN,1.1286150287823e-05
0xa754833201eda6c3146e5f7f00c45f4dff21243d47c52b622097f4d0ad7c599d,Unknown DVN,2306724000000,OptionalDVN,2.306724e-06
0x2cb5f46686f485c011b835720529d7c231e03daa67b2aca9696cf3766d66e980,Canary,11031551540847,OptionalDVN,1.1031551540847e-05
0x2cb5f46686f485c011b835720529d7c231e03daa67b2aca9696cf3766d66e980,Luganodes,11031551540847,OptionalDVN,1.1031551540847e-05
0x2cb5f46686f485c011b835720529d7c231e03daa67b2aca9696cf3766d66e980,Deutsche Telekom,11286150287823,OptionalDVN,1.1286150287823e-05
0x410f06daf7b57e3a903cd40ddcadef6c68174cb958ac8d4cccbbb5ad0c7b0b69,Unknown DVN,2383392000000,OptionalDVN,2.383392e-06
0xd4f1ef6a92a5542342204cb50d01f65b9d15fe756f1b1a8594a837ade4960849,Canary,10539210320142,OptionalDVN,1.0539210320142e-05
0xd4f1ef6a92a5542342204cb50d01f65b9d15fe756f1b1a8594a837ade4960849,Luganodes,10539210320142,OptionalDVN,1.0539210320142e-05
0xd4f1ef6a92a5542342204cb50d01f65b9d15fe756f1b1a8594a837ade4960849,Deutsche Telekom,10782446254062,OptionalDVN,1.0782446254062e-05
0x12e87eba0e123a877f0f1ec59bd01fad550d33927f5b7c2c2bb94360063a2551,Unknown DVN,2313372000000,OptionalDVN,2.313372e-06
0x9d39d76650af5007a915fce1e84a21a26f0a3091f755724d56a4ea3c9b57dd54,Unknown DVN,117173976559,OptionalDVN,1.17173976559e-07
0x946488e39e12e3a2c607bcb7fe8a00c57e64fa740567c27d51777abdcbe6d5d1,Canary,102173949013399,OptionalDVN,0.000102173949013399
0x946488e39e12e3a2c607bcb7fe8a00c57e64fa740567c27d51777abdcbe6d5d1,Luganodes,102173949013399,OptionalDVN,0.000102173949013399
0x946488e39e12e3a2c607bcb7fe8a00c57e64fa740567c27d51777abdcbe6d5d1,Deutsche Telekom,104532036114391,OptionalDVN,0.000104532036114391
0xb68587d82d7ad523023e96b0d8736ae0864d6b406d055321e510b65dd5daea0b,BitGo,31915159594592,OptionalDVN,3.1915159594592e-05
0xb68587d82d7ad523023e96b0d8736ae0864d6b406d055321e510b65dd5daea0b,Canary,31620529791622,OptionalDVN,3.1620529791622e-05
0xb68587d82d7ad523023e96b0d8736ae0864d6b406d055321e510b65dd5daea0b,P2P,31915159594592,OptionalDVN,3.1915159594592e-05
0xb68587d82d7ad523023e96b0d8736ae0864d6b406d055321e510b65dd5daea0b,Horizen,33240993707955,OptionalDVN,3.3240993707955e-05
0xb68587d82d7ad523023e96b0d8736ae0864d6b406d055321e510b65dd5daea0b,BCW Group,32651734102016,OptionalDVN,3.2651734102016e-05
0xb68587d82d7ad523023e96b0d8736ae0864d6b406d055321e510b65dd5daea0b,Deutsche Telekom,32651734102016,OptionalDVN,3.2651734102016e-05
0xb68587d82d7ad523023e96b0d8736ae0864d6b406d055321e510b65dd5daea0b,Stargate,31915159594592,OptionalDVN,3.1915159594592e-05
0xb68587d82d7ad523023e96b0d8736ae0864d6b406d055321e510b65dd5daea0b,BWare,31620529791622,OptionalDVN,3.1620529791622e-05
0xb68587d82d7ad523023e96b0d8736ae0864d6b406d055321e510b65dd5daea0b,Omni X,32651734102016,OptionalDVN,3.2651734102016e-05
0x7ad03effcf0aa1d02676c7d22fead8e3c357d1dfb1095787db022a362ecbe844,Unknown DVN,2334504000000,OptionalDVN,2.334504e-06
0xa68b602c695ca30a74e2eb8feee4182fd0f90aba0ec1d45d98285c0e15545b65,Canary,31243618750276,OptionalDVN,3.1243618750276e-05
0xa68b602c695ca30a74e2eb8feee4182fd0f90aba0ec1d45d98285c0e15545b65,Luganodes,31243618750276,OptionalDVN,3.1243618750276e-05
0xa68b602c695ca30a74e2eb8feee4182fd0f90aba0ec1d45d98285c0e15545b65,Deutsche Telekom,31964694671044,OptionalDVN,3.1964694671044e-05
0xe0890d8e4122fb6d07b46be3b2a8351f78f54c4455678edb844db4ebd723d687,Canary,31243618750276,OptionalDVN,3.1243618750276e-05
0xe0890d8e4122fb6d07b46be3b2a8351f78f54c4455678edb844db4ebd723d687,Luganodes,31243618750276,OptionalDVN,3.1243618750276e-05
0xe0890d8e4122fb6d07b46be3b2a8351f78f54c4455678edb844db4ebd723d687,Deutsche Telekom,31964694671044,OptionalDVN,3.1964694671044e-05
0xa20176c41bab99775c274b72d27677a8ceb43f96f35d80e0b3ac760b12f66733,Canary,94868114421687,OptionalDVN,9.4868114421687e-05
0xa20176c41bab99775c274b72d27677a8ceb43f96f35d80e0b3ac760b12f66733,Luganodes,94868114421687,OptionalDVN,9.4868114421687e-05
0xa20176c41bab99775c274b72d27677a8ceb43f96f35d80e0b3ac760b12f66733,Deutsche Telekom,97057589127063,OptionalDVN,9.7057589127063e-05
0x1a50d068a0cba8916249f32972d1844a86e39769033619837a01f6e453d0bb7c,Canary,49944468688472,OptionalDVN,4.9944468688472e-05
0x1a50d068a0cba8916249f32972d1844a86e39769033619837a01f6e453d0bb7c,Luganodes,49944468688472,OptionalDVN,4.9944468688472e-05
0x1a50d068a0cba8916249f32972d1844a86e39769033619837a01f6e453d0bb7c,Deutsche Telekom,51097144184696,OptionalDVN,5.1097144184696e-05
0xa19688bcbaaa1489cc30380cd34c9b081e827c14ff663eefee4ec52e01596f64,Canary,49944468688472,OptionalDVN,4.9944468688472e-05
0xa19688bcbaaa1489cc30380cd34c9b081e827c14ff663eefee4ec52e01596f64,Luganodes,49944468688472,OptionalDVN,4.9944468688472e-05
0xa19688bcbaaa1489cc30380cd34c9b081e827c14ff663eefee4ec52e01596f64,Deutsche Telekom,51097144184696,OptionalDVN,5.1097144184696e-05
0x4fd0a920a4e1c3657324f35a3c42f09a13cb5624c30af17458b445ce300f704d,Canary,49944468688472,OptionalDVN,4.9944468688472e-05
0x4fd0a920a4e1c3657324f35a3c42f09a13cb5624c30af17458b445ce300f704d,Luganodes,49944468688472,OptionalDVN,4.9944468688472e-05
0x4fd0a920a4e1c3657324f35a3c42f09a13cb5624c30af17458b445ce300f704d,Deutsche Telekom,51097144184696,OptionalDVN,5.1097144184696e-05
0xa640c4e8f6ae73f4dac47984ddde27782746e585a6d7ddf6a17c9ae3f14d6491,BitGo,54173827709509,OptionalDVN,5.4173827709509e-05
0xa640c4e8f6ae73f4dac47984ddde27782746e585a6d7ddf6a17c9ae3f14d6491,Canary,53673713519672,OptionalDVN,5.3673713519672e-05
0xa640c4e8f6ae73f4dac47984ddde27782746e585a6d7ddf6a17c9ae3f14d6491,P2P,54173827709509,OptionalDVN,5.4173827709509e-05
0xa640c4e8f6ae73f4dac47984ddde27782746e585a6d7ddf6a17c9ae3f14d6491,Horizen,56424341563774,OptionalDVN,5.6424341563774e-05
0xa640c4e8f6ae73f4dac47984ddde27782746e585a6d7ddf6a17c9ae3f14d6491,BCW Group,55424113184101,OptionalDVN,5.5424113184101e-05
0xa640c4e8f6ae73f4dac47984ddde27782746e585a6d7ddf6a17c9ae3f14d6491,Deutsche Telekom,55424113184101,OptionalDVN,5.5424113184101e-05
0xa640c4e8f6ae73f4dac47984ddde27782746e585a6d7ddf6a17c9ae3f14d6491,Stargate,54173827709509,OptionalDVN,5.4173827709509e-05
0xa640c4e8f6ae73f4dac47984ddde27782746e585a6d7ddf6a17c9ae3f14d6491,BWare,53673713519672,OptionalDVN,5.3673713519672e-05
0xa640c4e8f6ae73f4dac47984ddde27782746e585a6d7ddf6a17c9ae3f14d6491,Omni X,55424113184101,OptionalDVN,5.5424113184101e-05
0x4c12f76512c542fd9a5babcce7bac6c4bf2fe86e971e116a3058d1d66ab89422,BitGo,14226714438342,OptionalDVN,1.4226714438342e-05
0x4c12f76512c542fd9a5babcce7bac6c4bf2fe86e971e116a3058d1d66ab89422,Canary,14095378291974,OptionalDVN,1.4095378291974e-05
0x4c12f76512c542fd9a5babcce7bac6c4bf2fe86e971e116a3058d1d66ab89422,P2P,14226714438342,OptionalDVN,1.4226714438342e-05
0x4c12f76512c542fd9a5babcce7bac6c4bf2fe86e971e116a3058d1d66ab89422,Horizen,14817727096998,OptionalDVN,1.4817727096998e-05
0x4c12f76512c542fd9a5babcce7bac6c4bf2fe86e971e116a3058d1d66ab89422,BCW Group,14555054804262,OptionalDVN,1.4555054804262e-05
0x4c12f76512c542fd9a5babcce7bac6c4bf2fe86e971e116a3058d1d66ab89422,Deutsche Telekom,14555054804262,OptionalDVN,1.4555054804262e-05
0x4c12f76512c542fd9a5babcce7bac6c4bf2fe86e971e116a3058d1d66ab89422,Stargate,14226714438342,OptionalDVN,1.4226714438342e-05
0x4c12f76512c542fd9a5babcce7bac6c4bf2fe86e971e116a3058d1d66ab89422,BWare,14095378291974,OptionalDVN,1.4095378291974e-05
0x4c12f76512c542fd9a5babcce7bac6c4bf2fe86e971e116a3058d1d66ab89422,Omni X,14555054804262,OptionalDVN,1.4555054804262e-05
0xead8931894b78d14d3db36bea05b0b69bd7d12a8ec06af81ca826c6c40b2e156,Unknown DVN,2318496000000,OptionalDVN,2.318496e-06
0x57a6b3b768d90060ce2c087373c1c7334c78b07fde96259506c6c4f8570039a2,Canary,46077295257109,OptionalDVN,4.6077295257109e-05
0x57a6b3b768d90060ce2c087373c1c7334c78b07fde96259506c6c4f8570039a2,Luganodes,46077295257109,OptionalDVN,4.6077295257109e-05
0x57a6b3b768d90060ce2c087373c1c7334c78b07fde96259506c6c4f8570039a2,Deutsche Telekom,47140719707701,OptionalDVN,4.7140719707701e-05
0x5d7542b3b970dee9e9e9fbb8e3947810856e31834098bc310be34a572b8d7c9a,Unknown DVN,19934165853843,OptionalDVN,1.9934165853843e-05
0x577a64cb35a02bfa1d9ac1a4f27137d69c937c099b84a80a2235334f162c69ab,Canary,46077295257109,OptionalDVN,4.6077295257109e-05
0x577a64cb35a02bfa1d9ac1a4f27137d69c937c099b84a80a2235334f162c69ab,Luganodes,46077295257109,OptionalDVN,4.6077295257109e-05
0x577a64cb35a02bfa1d9ac1a4f27137d69c937c099b84a80a2235334f162c69ab,Deutsche Telekom,47140719707701,OptionalDVN,4.7140719707701e-05
0x03ae2660f232a7f4c4e8b32914d9703ce0b7145187afab007d42a3f3e77304db,Canary,46077295257109,OptionalDVN,4.6077295257109e-05
0x03ae2660f232a7f4c4e8b32914d9703ce0b7145187afab007d42a3f3e77304db,Luganodes,46077295257109,OptionalDVN,4.6077295257109e-05
0x03ae2660f232a7f4c4e8b32914d9703ce0b7145187afab007d42a3f3e77304db,Deutsche Telekom,47140719707701,OptionalDVN,4.7140719707701e-05
0x76bbe87911714fd30b2e97c82d0b095f1cf5e276a9da79ced9b556c145be4425,Unknown DVN,2406000000000,OptionalDVN,2.406e-06
0x05106c1c97f9687c0a77efba3e30c14785bddb527dc47398ccb4d04c67f77c24,Canary,150689340197424,OptionalDVN,0.000150689340197424
0x05106c1c97f9687c0a77efba3e30c14785bddb527dc47398ccb4d04c67f77c24,Luganodes,150689340197424,OptionalDVN,0.000150689340197424
0x05106c1c97f9687c0a77efba3e30c14785bddb527dc47398ccb4d04c67f77c24,Deutsche Telekom,154167120911664,OptionalDVN,0.000154167120911664
0x0dc7e66ae6ebb43d8e09392a994ac294ac8deed96c114e92ad6c7c6fe516bdba,Canary,150689340197424,OptionalDVN,0.000150689340197424
0x0dc7e66ae6ebb43d8e09392a994ac294ac8deed96c114e92ad6c7c6fe516bdba,Luganodes,150689340197424,OptionalDVN,0.000150689340197424
0x0dc7e66ae6ebb43d8e09392a994ac294ac8deed96c114e92ad6c7c6fe516bdba,Deutsche Telekom,154167120911664,OptionalDVN,0.000154167120911664
0xab6dea4a49f9d2f9a4fefea7a9141fcfac80e8aa5503f23b4e9f993bab03b9ee,Canary,150689340197424,OptionalDVN,0.000150689340197424
0xab6dea4a49f9d2f9a4fefea7a9141fcfac80e8aa5503f23b4e9f993bab03b9ee,Luganodes,150689340197424,OptionalDVN,0.000150689340197424
0xab6dea4a49f9d2f9a4fefea7a9141fcfac80e8aa5503f23b4e9f993bab03b9ee,Deutsche Telekom,154167120911664,OptionalDVN,0.000154167120911664
0x35d372be2ff6e545a8733f9e1414829c17f5c6832e754aa4623164f7f1a7987a,Unknown DVN,292786624980,OptionalDVN,2.9278662498e-07
0xe01c0cba5a8283fee0893945232b08bd0b6a87791033a8b3b72a8f6825adb55e,Unknown DVN,2345244000000,OptionalDVN,2.345244e-06
0xa01374a7dca86c5fe7c596fb13f7b113b127f50fd0bdcf2aebb3633fbd6bf8b1,Canary,1384604387694124,OptionalDVN,0.001384604387694124
0xa01374a7dca86c5fe7c596fb13f7b113b127f50fd0bdcf2aebb3633fbd6bf8b1,Luganodes,1384604387694124,OptionalDVN,0.001384604387694124
0xa01374a7dca86c5fe7c596fb13f7b113b127f50fd0bdcf2aebb3633fbd6bf8b1,Deutsche Telekom,1416559869283372,OptionalDVN,0.001416559869283372
0xb96107a1604f509df3dce1cb5de067db30feda03cfca894021dd880f1e427a1d,Unknown DVN,10150359139065,OptionalDVN,1.0150359139065e-05
0xd1ba4fd1d417d0e1386d7da2d852362e410e1d4e8159eea447070687eb335723,Unknown DVN,2311908000000,OptionalDVN,2.311908e-06
0x1eb1dab48a5afb5d7a3795f1eaa5cb8b99fd64d66aea8c28a69a507c36bbb1f5,Unknown DVN,11279567337600,OptionalDVN,1.12795673376e-05
0x3dd83c545f84fe9c028aede500f099693c0ea8cd6c9ee7504bf42953b4be6eb8,BitGo,22593285102872,OptionalDVN,2.2593285102872e-05
0x3dd83c545f84fe9c028aede500f099693c0ea8cd6c9ee7504bf42953b4be6eb8,Canary,22384711646782,OptionalDVN,2.2384711646782e-05
0x3dd83c545f84fe9c028aede500f099693c0ea8cd6c9ee7504bf42953b4be6eb8,P2P,22593285102872,OptionalDVN,2.2593285102872e-05
0x3dd83c545f84fe9c028aede500f099693c0ea8cd6c9ee7504bf42953b4be6eb8,Horizen,23531865655275,OptionalDVN,2.3531865655275e-05
0x3dd83c545f84fe9c028aede500f099693c0ea8cd6c9ee7504bf42953b4be6eb8,BCW Group,23114718743096,OptionalDVN,2.3114718743096e-05
0x3dd83c545f84fe9c028aede500f099693c0ea8cd6c9ee7504bf42953b4be6eb8,Deutsche Telekom,23114718743096,OptionalDVN,2.3114718743096e-05
0x3dd83c545f84fe9c028aede500f099693c0ea8cd6c9ee7504bf42953b4be6eb8,Stargate,22593285102872,OptionalDVN,2.2593285102872e-05
0x3dd83c545f84fe9c028aede500f099693c0ea8cd6c9ee7504bf42953b4be6eb8,BWare,22384711646782,OptionalDVN,2.2384711646782e-05
0x3dd83c545f84fe9c028aede500f099693c0ea8cd6c9ee7504bf42953b4be6eb8,Omni X,23114718743096,OptionalDVN,2.3114718743096e-05
0x2dad80eef679d146ba8b7fb11024fd4fde88c85a4c55bc194e0eb0742587d11e,Canary,22593285102872,OptionalDVN,2.2593285102872e-05
0x2dad80eef679d146ba8b7fb11024fd4fde88c85a4c55bc194e0eb0742587d11e,Luganodes,22593285102872,OptionalDVN,2.2593285102872e-05
0x2dad80eef679d146ba8b7fb11024fd4fde88c85a4c55bc194e0eb0742587d11e,Deutsche Telekom,23114718743096,OptionalDVN,2.3114718743096e-05
0xe2ee42583f24ec597e7fe5afdfe1067b071b7bedc2dce8d0391534ee834d5f3d,Unknown DVN,9385437120000,OptionalDVN,9.38543712e-06
0xb958150c30697a224a8e623cbe5ed2170d9614f433f767d3972885d698dfdef5,BitGo,23249841129614,OptionalDVN,2.3249841129614e-05
0xb958150c30697a224a8e623cbe5ed2170d9614f433f767d3972885d698dfdef5,Canary,23035206573556,OptionalDVN,2.3035206573556e-05
0xb958150c30697a224a8e623cbe5ed2170d9614f433f767d3972885d698dfdef5,P2P,23249841129614,OptionalDVN,2.3249841129614e-05
0xb958150c30697a224a8e623cbe5ed2170d9614f433f767d3972885d698dfdef5,Horizen,24215696631873,OptionalDVN,2.4215696631873e-05
0xb958150c30697a224a8e623cbe5ed2170d9614f433f767d3972885d698dfdef5,BCW Group,23786427519758,OptionalDVN,2.3786427519758e-05
0xb958150c30697a224a8e623cbe5ed2170d9614f433f767d3972885d698dfdef5,Deutsche Telekom,23786427519758,OptionalDVN,2.3786427519758e-05
0xb958150c30697a224a8e623cbe5ed2170d9614f433f767d3972885d698dfdef5,Stargate,23249841129614,OptionalDVN,2.3249841129614e-05
0xb958150c30697a224a8e623cbe5ed2170d9614f433f767d3972885d698dfdef5,BWare,23035206573556,OptionalDVN,2.3035206573556e-05
0xb958150c30697a224a8e623cbe5ed2170d9614f433f767d3972885d698dfdef5,Omni X,23786427519758,OptionalDVN,2.3786427519758e-05
0xefef2bbe7e97309dcd4d7f14bebc8521052fb2d124c912045dba738ed1d3ea12,Canary,23249841129614,OptionalDVN,2.3249841129614e-05
0xefef2bbe7e97309dcd4d7f14bebc8521052fb2d124c912045dba738ed1d3ea12,Luganodes,23249841129614,OptionalDVN,2.3249841129614e-05
0xefef2bbe7e97309dcd4d7f14bebc8521052fb2d124c912045dba738ed1d3ea12,Deutsche Telekom,23786427519758,OptionalDVN,2.3786427519758e-05
